T1,T2,probMeas0Prep1,probMeas1Prep0,readout_error
0.40761988138871263,0.06136495144610521,0.3529411764705843,0.5833333333333393,0.5714285714285636
0.40761988138871263,0.06136495144610521,0.3529411764705843,0.5833333333333393,0.5714285714285636
0.40761988138871263,0.06136495144610521,0.3529411764705843,0.5833333333333393,0.5714285714285636
0.40761988138871263,0.06136495144610521,0.3529411764705843,0.5833333333333393,0.5714285714285636
0.40761988138871263,0.06136495144610521,0.3529411764705843,0.5833333333333393,0.5714285714285636
0.40761988138871263,0.06136495144610521,0.3529411764705843,0.5833333333333393,0.5714285714285636
0.40761988138871263,0.06136495144610521,0.3529411764705843,0.5833333333333393,0.5714285714285636
0.40761988138871263,0.06136495144610521,0.3529411764705688,0.5833333333333393,0.4761904761904785
0.3965009755544333,0.37785148849743644,0.5294117647058769,0.833333333333333,0.6904761904761703
0.3965009755544333,0.37785148849743644,0.5294117647058769,0.833333333333333,0.6904761904761703
0.3965009755544333,0.37785148849743644,0.5294117647058769,0.833333333333333,0.6904761904761703
0.3965009755544333,0.37785148849743644,0.5294117647058769,0.833333333333333,0.6904761904761703
0.3965009755544333,0.37785148849743644,0.5294117647058769,0.833333333333333,0.6904761904761703
0.3965009755544333,0.37785148849743644,0.5294117647058769,0.833333333333333,0.6904761904761703
0.3965009755544333,0.37785148849743644,0.5294117647058769,0.833333333333333,0.6904761904761703
0.3965009755544333,0.37785148849743644,0.5294117647058769,0.833333333333333,0.6904761904761703
0.3965009755544333,0.37785148849743644,0.5294117647058769,0.833333333333333,0.6904761904761703
0.3965009755544333,0.37785148849743644,0.5294117647058769,0.833333333333333,0.6904761904761703
0.3965009755544333,0.37785148849743644,0.5294117647058769,0.833333333333333,0.6904761904761703
0.3965009755544333,0.37785148849743644,0.5294117647058769,0.833333333333333,0.6904761904761703
0.3965009755544333,0.37785148849743644,0.5294117647058769,0.833333333333333,0.6904761904761703
0.3965009755544333,0.37785148849743644,0.5294117647058769,0.833333333333333,0.6904761904761703
0.3965009755544333,0.37785148849743644,0.5294117647058769,0.833333333333333,0.6904761904761703
0.3965009755544333,0.37785148849743644,0.5294117647058769,0.833333333333333,0.6904761904761703
0.3965009755544333,0.37785148849743644,0.5294117647058769,0.833333333333333,0.6904761904761703
0.3965009755544333,0.37785148849743644,0.5882352941176316,0.833333333333333,0.7380952380952128
0.3965009755544333,0.37785148849743644,0.5882352941176316,0.833333333333333,0.7380952380952128
0.3965009755544333,0.37785148849743644,0.5882352941176316,0.833333333333333,0.7380952380952128
0.3965009755544333,0.37785148849743644,0.5882352941176316,0.833333333333333,0.7380952380952128
0.3965009755544333,0.37785148849743644,0.5882352941176316,0.833333333333333,0.7380952380952128
0.3965009755544333,0.37785148849743644,0.5882352941176316,0.833333333333333,0.7380952380952128
0.3965009755544333,0.37785148849743644,0.5882352941176316,0.833333333333333,0.7380952380952128
0.3965009755544333,0.37785148849743644,0.647058823529405,0.9583333333333219,0.9047619047618882
0.49369148445862354,0.07228235926439064,0.647058823529405,0.5833333333333326,0.5952380952380851
0.49369148445862354,0.07228235926439064,0.647058823529405,0.5833333333333326,0.5952380952380851
0.49369148445862354,0.07228235926439064,0.647058823529405,0.5833333333333326,0.5952380952380851
0.49369148445862354,0.07228235926439064,0.647058823529405,0.5833333333333326,0.5952380952380851
0.49369148445862354,0.07228235926439064,0.647058823529405,0.5833333333333326,0.5952380952380851
0.49369148445862354,0.07228235926439064,0.647058823529405,0.5833333333333326,0.5952380952380851
0.49369148445862354,0.07228235926439064,0.647058823529405,0.5833333333333326,0.5952380952380851
0.49369148445862354,0.07228235926439064,0.647058823529405,0.5833333333333326,0.5952380952380851
0.49369148445862354,0.07228235926439064,0.647058823529405,0.5833333333333326,0.5952380952380851
0.49369148445862354,0.07228235926439064,0.647058823529405,0.5833333333333326,0.5952380952380851
0.4705363903329154,0.07228235926439064,0.5882352941176405,0.7083333333333326,0.7619047619047339
0.4705363903329154,0.3990445129032034,0.5882352941176405,0.7083333333333326,0.7619047619047339
0.4705363903329154,0.3990445129032034,0.5882352941176405,0.7083333333333326,0.7619047619047339
0.4705363903329154,0.3990445129032034,0.5882352941176405,0.7083333333333326,0.7619047619047339
0.4705363903329154,0.3990445129032034,0.5882352941176405,0.7083333333333326,0.7619047619047339
0.4705363903329154,0.3990445129032034,0.5882352941176405,0.7083333333333326,0.7619047619047339
0.4705363903329154,0.3990445129032034,0.5882352941176405,0.7083333333333326,0.7619047619047339
0.4705363903329154,0.3990445129032034,0.5882352941176405,0.7083333333333326,0.7619047619047339
0.4705363903329154,0.3990445129032034,0.5882352941176405,0.7083333333333326,0.7619047619047339
0.4705363903329154,0.3990445129032034,0.5882352941176405,0.7083333333333326,0.7619047619047339
0.4705363903329154,0.3990445129032034,0.5882352941176405,0.7083333333333326,0.7619047619047339
0.4705363903329154,0.3990445129032034,0.5882352941176405,0.7083333333333326,0.7619047619047339
0.4705363903329154,0.3990445129032034,0.647058823529389,1.0,0.7619047619047339
0.33345841872464277,0.45129688397819123,0.7647058823529367,1.0,1.0
0.33345841872464277,0.45129688397819123,0.7647058823529367,1.0,1.0
0.33345841872464277,0.45129688397819123,0.7647058823529367,1.0,1.0
0.33345841872464277,0.45129688397819123,0.7647058823529367,1.0,1.0
0.33345841872464277,0.45129688397819123,0.7647058823529367,1.0,1.0
0.33345841872464277,0.45129688397819123,0.7647058823529367,1.0,1.0
0.33345841872464277,0.45129688397819123,0.7647058823529367,1.0,1.0
0.33345841872464277,0.45129688397819123,0.7647058823529367,1.0,1.0
0.33345841872464277,0.45129688397819123,0.7647058823529367,1.0,1.0
0.33345841872464277,0.45129688397819123,0.7647058823529367,1.0,1.0
0.33345841872464277,0.45129688397819123,0.7647058823529367,1.0,1.0
0.33345841872464277,0.45129688397819123,0.7647058823529367,1.0,1.0
0.33345841872464277,0.45129688397819123,0.7647058823529367,1.0,1.0
0.33345841872464277,0.45129688397819123,0.7647058823529367,1.0,1.0
0.33345841872464277,0.45129688397819123,0.7647058823529367,1.0,1.0
0.33345841872464277,0.45129688397819123,0.7647058823529367,1.0,1.0
0.33345841872464277,0.45129688397819123,0.7647058823529367,1.0,1.0
0.33345841872464277,0.45129688397819123,0.7647058823529367,1.0,1.0
0.33345841872464277,0.45129688397819123,0.7647058823529367,1.0,1.0
0.33345841872464277,0.45129688397819123,0.7647058823529367,1.0,1.0
0.33345841872464277,0.45129688397819123,0.7647058823529367,1.0,1.0
0.33345841872464277,0.45129688397819123,0.7647058823529367,1.0,1.0
0.33345841872464277,0.45129688397819123,0.7647058823529367,1.0,1.0
0.7018399380088125,0.45129688397819123,0.2941176470588207,0.6666666666666639,0.6904761904761703
0.7018399380088125,0.48827993837417516,0.2941176470588207,0.6666666666666639,0.6904761904761703
0.7018399380088125,0.48827993837417516,0.2941176470588207,0.6666666666666639,0.6904761904761703
0.7018399380088125,0.48827993837417516,0.2941176470588207,0.6666666666666639,0.6904761904761703
0.7018399380088125,0.48827993837417516,0.2941176470588207,0.6666666666666639,0.6904761904761703
0.7018399380088125,0.48827993837417516,0.2941176470588207,0.6666666666666639,0.6904761904761703
0.7018399380088125,0.48827993837417516,0.2941176470588207,0.6666666666666639,0.6904761904761703
0.7018399380088125,0.48827993837417516,0.2941176470588207,0.6666666666666639,0.6904761904761703
0.7018399380088125,0.48827993837417516,0.2941176470588207,0.6666666666666639,0.6904761904761703
0.7018399380088125,0.48827993837417516,0.2941176470588207,0.6666666666666639,0.6904761904761703
0.7018399380088125,0.48827993837417516,0.2941176470588207,0.6666666666666639,0.6904761904761703
0.7018399380088125,0.48827993837417516,0.2941176470588207,0.6666666666666639,0.6904761904761703
0.6871469039396709,0.48827993837417516,0.5294117647058743,0.5416666666666541,0.5
0.6871469039396709,0.26692920352261096,0.5294117647058743,0.5416666666666541,0.5
0.6871469039396709,0.26692920352261096,0.5294117647058743,0.5416666666666541,0.5
0.6871469039396709,0.26692920352261096,0.5294117647058743,0.5416666666666541,0.5
0.6871469039396709,0.26692920352261096,0.5294117647058743,0.5416666666666541,0.5
0.6871469039396709,0.26692920352261096,0.5294117647058743,0.5416666666666541,0.5
0.6871469039396709,0.26692920352261096,0.5294117647058743,0.5416666666666541,0.5
0.6871469039396709,0.26692920352261096,0.5294117647058743,0.5416666666666541,0.5
0.6871469039396709,0.26692920352261096,0.5294117647058743,0.5416666666666541,0.5
0.6871469039396709,0.26692920352261096,0.5294117647058743,0.5416666666666541,0.5
0.6871469039396709,0.26692920352261096,0.5294117647058743,0.5416666666666541,0.5
0.6871469039396709,0.26692920352261096,0.5294117647058743,0.5416666666666541,0.5
0.6871469039396709,0.26692920352261096,0.5294117647058743,0.5416666666666541,0.5
0.27410535421674265,0.0578372719561151,0.5882352941176405,0.7083333333333259,0.7380952380952128
0.27410535421674265,0.0578372719561151,0.5882352941176405,0.7083333333333259,0.7380952380952128
0.2400983459169419,0.0578372719561151,0.5882352941176316,0.7083333333333259,0.5714285714285636
0.2802636663493461,0.21522382129110262,0.5882352941176316,0.7083333333333259,0.5714285714285636
0.2802636663493461,0.21522382129110262,0.5882352941176316,0.7083333333333259,0.5714285714285636
0.2802636663493461,0.21522382129110262,0.5882352941176316,0.7083333333333259,0.5714285714285636
0.2802636663493461,0.21522382129110262,0.5882352941176316,0.7083333333333259,0.5714285714285636
0.2802636663493461,0.21522382129110262,0.5882352941176316,0.7083333333333259,0.5714285714285636
0.2802636663493461,0.21522382129110262,0.5882352941176316,0.7083333333333259,0.5714285714285636
0.2802636663493461,0.21522382129110262,0.5882352941176316,0.7083333333333259,0.5714285714285636
0.2802636663493461,0.21522382129110262,0.5882352941176316,0.7083333333333259,0.5714285714285636
0.2802636663493461,0.21522382129110262,0.5882352941176316,0.7083333333333259,0.5714285714285636
0.2802636663493461,0.21522382129110262,0.5882352941176316,0.7083333333333259,0.5714285714285636
0.2802636663493461,0.21522382129110262,0.5882352941176316,0.7083333333333259,0.5714285714285636
0.291363652812791,0.18291438901683188,0.29411764705881094,0.3333333333333317,0.35714285714284566
0.291363652812791,0.18291438901683188,0.29411764705881094,0.3333333333333317,0.35714285714284566
0.291363652812791,0.18291438901683188,0.29411764705881094,0.3333333333333317,0.35714285714284566
0.291363652812791,0.18291438901683188,0.29411764705881094,0.3333333333333317,0.35714285714284566
0.291363652812791,0.18291438901683188,0.29411764705881094,0.3333333333333317,0.35714285714284566
0.291363652812791,0.18291438901683188,0.29411764705881094,0.3333333333333317,0.35714285714284566
0.291363652812791,0.18291438901683188,0.29411764705881094,0.3333333333333317,0.35714285714284566
0.291363652812791,0.18291438901683188,0.29411764705881094,0.3333333333333317,0.35714285714284566
0.291363652812791,0.18291438901683188,0.29411764705881094,0.3333333333333317,0.35714285714284566
0.291363652812791,0.18291438901683188,0.29411764705881094,0.3333333333333317,0.35714285714284566
0.291363652812791,0.18291438901683188,0.29411764705881094,0.3333333333333317,0.35714285714284566
0.291363652812791,0.18291438901683188,0.29411764705881094,0.3333333333333317,0.35714285714284566
0.291363652812791,0.18291438901683188,0.29411764705881094,0.3333333333333317,0.35714285714284566
0.291363652812791,0.18291438901683188,0.29411764705881094,0.3333333333333317,0.35714285714284566
0.291363652812791,0.18291438901683188,0.29411764705881094,0.3333333333333317,0.35714285714284566
0.291363652812791,0.18291438901683188,0.2941176470588207,0.4166666666666674,0.45238095238095744
0.291363652812791,0.18291438901683188,0.2941176470588207,0.4166666666666674,0.45238095238095744
0.291363652812791,0.18291438901683188,0.2941176470588207,0.4166666666666674,0.45238095238095744
0.291363652812791,0.18291438901683188,0.2941176470588207,0.4166666666666674,0.45238095238095744
0.291363652812791,0.18291438901683188,0.2941176470588207,0.4166666666666674,0.45238095238095744
0.291363652812791,0.18291438901683188,0.2941176470588207,0.4166666666666674,0.45238095238095744
0.291363652812791,0.18291438901683188,0.2941176470588207,0.4166666666666674,0.45238095238095744
0.291363652812791,0.18291438901683188,0.2941176470588207,0.4166666666666674,0.45238095238095744
0.291363652812791,0.18291438901683188,0.2941176470588207,0.4166666666666674,0.45238095238095744
0.291363652812791,0.18291438901683188,0.2941176470588207,0.4166666666666674,0.45238095238095744
0.291363652812791,0.18291438901683188,0.2941176470588207,0.4166666666666674,0.45238095238095744
0.30084569897592583,0.4163094489939687,0.4117647058823586,0.6250000000000013,0.5952380952380851
0.30084569897592583,0.4163094489939687,0.4117647058823586,0.6250000000000013,0.5952380952380851
0.30084569897592583,0.4163094489939687,0.4117647058823586,0.6250000000000013,0.5952380952380851
0.30084569897592583,0.4163094489939687,0.4117647058823586,0.6250000000000013,0.5952380952380851
0.30084569897592583,0.4163094489939687,0.4117647058823586,0.6250000000000013,0.5952380952380851
0.30084569897592583,0.4163094489939687,0.4117647058823586,0.6250000000000013,0.5952380952380851
0.30084569897592583,0.4163094489939687,0.4117647058823586,0.6250000000000013,0.5952380952380851
0.30084569897592583,0.4163094489939687,0.4117647058823586,0.6250000000000013,0.5952380952380851
0.30084569897592583,0.4163094489939687,0.4117647058823586,0.6250000000000013,0.5952380952380851
0.39608706840505814,0.511409918893245,0.5882352941176316,0.5833333333333326,0.6190476190476062
0.39608706840505814,0.511409918893245,0.5882352941176316,0.5833333333333326,0.6190476190476062
0.39608706840505814,0.511409918893245,0.5882352941176316,0.5833333333333326,0.6190476190476062
0.39608706840505814,0.511409918893245,0.5882352941176316,0.5833333333333326,0.6190476190476062
0.39608706840505814,0.511409918893245,0.5882352941176316,0.5833333333333326,0.6190476190476062
0.39608706840505814,0.511409918893245,0.5882352941176316,0.5833333333333326,0.6190476190476062
0.39608706840505814,0.511409918893245,0.5882352941176316,0.5833333333333326,0.6190476190476062
0.39608706840505814,0.511409918893245,0.5882352941176316,0.5833333333333326,0.6190476190476062
0.39608706840505814,0.511409918893245,0.5882352941176316,0.5833333333333326,0.6190476190476062
0.39608706840505814,0.511409918893245,0.5882352941176316,0.5833333333333326,0.6190476190476062
0.39608706840505814,0.511409918893245,0.47058823529411686,0.5416666666666541,0.6428571428571277
0.4766790388040478,0.53268654407329,0.47058823529411686,0.5416666666666541,0.6190476190476062
0.4766790388040478,0.53268654407329,0.47058823529411686,0.5416666666666541,0.6190476190476062
0.4766790388040478,0.53268654407329,0.47058823529411686,0.5416666666666541,0.6190476190476062
0.4766790388040478,0.53268654407329,0.47058823529411686,0.5416666666666541,0.6190476190476062
0.4766790388040478,0.53268654407329,0.47058823529411686,0.5416666666666541,0.6190476190476062
0.4766790388040478,0.53268654407329,0.47058823529411686,0.5416666666666541,0.6190476190476062
0.4766790388040478,0.53268654407329,0.47058823529411686,0.5416666666666541,0.6190476190476062
0.4766790388040478,0.53268654407329,0.47058823529411686,0.5416666666666541,0.6190476190476062
0.4766790388040478,0.53268654407329,0.47058823529411686,0.5416666666666541,0.6190476190476062
0.4766790388040478,0.53268654407329,0.47058823529411686,0.5416666666666541,0.6190476190476062
0.4766790388040478,0.53268654407329,0.47058823529411686,0.5416666666666541,0.6190476190476062
0.4766790388040478,0.53268654407329,0.47058823529411686,0.5416666666666541,0.6190476190476062
0.40206499769478565,0.53268654407329,0.647058823529389,0.6249999999999991,0.5476190476190426
0.40206499769478565,0.53268654407329,0.647058823529389,0.6249999999999991,0.5476190476190426
0.40206499769478565,0.53268654407329,0.647058823529389,0.6249999999999991,0.5476190476190426
0.40206499769478565,0.2148104809873792,0.647058823529389,0.6249999999999991,0.5476190476190426
0.40206499769478565,0.2148104809873792,0.647058823529389,0.6249999999999991,0.5476190476190426
0.40206499769478565,0.2148104809873792,0.647058823529389,0.6249999999999991,0.5476190476190426
0.40206499769478565,0.2148104809873792,0.647058823529389,0.6249999999999991,0.5476190476190426
0.40206499769478565,0.2148104809873792,0.647058823529389,0.6249999999999991,0.5476190476190426
0.40206499769478565,0.2148104809873792,0.647058823529389,0.6249999999999991,0.5476190476190426
0.40206499769478565,0.2148104809873792,0.647058823529389,0.6249999999999991,0.5476190476190426
0.40206499769478565,0.2148104809873792,0.647058823529389,0.6249999999999991,0.5476190476190426
0.593483177835906,0.5341505436318155,0.4117647058823586,0.5416666666666656,0.6190476190476062
0.593483177835906,0.5341505436318155,0.4117647058823586,0.5416666666666656,0.6190476190476062
0.593483177835906,0.5341505436318155,0.4117647058823586,0.5416666666666656,0.6190476190476062
0.593483177835906,0.5341505436318155,0.4117647058823586,0.5416666666666656,0.6190476190476062
0.593483177835906,0.5341505436318155,0.4117647058823586,0.5416666666666656,0.6190476190476062
0.593483177835906,0.5341505436318155,0.4117647058823586,0.5416666666666656,0.6190476190476062
0.593483177835906,0.5341505436318155,0.4117647058823586,0.5416666666666656,0.6190476190476062
0.593483177835906,0.5341505436318155,0.4117647058823586,0.5416666666666656,0.6190476190476062
0.593483177835906,0.5341505436318155,0.4117647058823586,0.5416666666666656,0.6190476190476062
0.593483177835906,0.5341505436318155,0.4117647058823586,0.5416666666666656,0.6190476190476062
0.593483177835906,0.5341505436318155,0.4117647058823586,0.5416666666666656,0.6190476190476062
0.593483177835906,0.5341505436318155,0.4117647058823586,0.5416666666666656,0.6190476190476062
0.5086908802774772,0.29672237959416936,0.23529411764705666,0.41666666666666563,0.3809523809523667
0.5086908802774772,0.29672237959416936,0.23529411764705666,0.41666666666666563,0.3809523809523667
0.5086908802774772,0.29672237959416936,0.23529411764705666,0.41666666666666563,0.3809523809523667
0.5086908802774772,0.29672237959416936,0.23529411764705666,0.41666666666666563,0.3809523809523667
0.5086908802774772,0.29672237959416936,0.23529411764705666,0.41666666666666563,0.3809523809523667
0.5086908802774772,0.29672237959416936,0.23529411764705666,0.41666666666666563,0.3809523809523667
0.5086908802774772,0.29672237959416936,0.23529411764705666,0.41666666666666563,0.3809523809523667
0.5086908802774772,0.29672237959416936,0.23529411764705666,0.41666666666666563,0.3809523809523667
0.5086908802774772,0.29672237959416936,0.23529411764705666,0.41666666666666563,0.3809523809523667
0.5086908802774772,0.29672237959416936,0.23529411764705666,0.41666666666666563,0.3809523809523667
0.5086908802774772,0.29672237959416936,0.23529411764705666,0.41666666666666563,0.3809523809523667
0.5086908802774772,0.29672237959416936,0.23529411764705666,0.41666666666666563,0.3809523809523667
0.45511736190575824,0.29672237959416936,0.9411764705882097,0.6666666666666639,0.8571428571428457
0.45511736190575824,0.36149061809401273,0.9411764705882097,0.6666666666666639,0.8571428571428457
0.45511736190575824,0.36149061809401273,0.9411764705882097,0.6666666666666639,0.8571428571428457
0.45511736190575824,0.36149061809401273,0.9411764705882097,0.6666666666666639,0.8571428571428457
0.45511736190575824,0.36149061809401273,0.9411764705882097,0.6666666666666639,0.8571428571428457
0.45511736190575824,0.36149061809401273,0.9411764705882097,0.6666666666666639,0.8571428571428457
0.45511736190575824,0.36149061809401273,0.9411764705882097,0.6666666666666639,0.8571428571428457
0.45511736190575824,0.36149061809401273,0.9411764705882097,0.6666666666666639,0.8571428571428457
0.45511736190575824,0.36149061809401273,0.9411764705882097,0.6666666666666639,0.8571428571428457
0.45511736190575824,0.36149061809401273,0.9411764705882097,0.6666666666666639,0.8571428571428457
0.45511736190575824,0.36149061809401273,0.9411764705882097,0.6666666666666639,0.8571428571428457
0.45511736190575824,0.36149061809401273,0.9411764705882097,0.6666666666666639,0.8571428571428457
0.46700723773220165,0.13892790665289567,0.1764705882352957,0.6249999999999991,0.5238095238095211
0.46700723773220165,0.13892790665289567,0.1764705882352957,0.6249999999999991,0.5238095238095211
0.46700723773220165,0.13892790665289567,0.1764705882352957,0.6249999999999991,0.5238095238095211
0.46700723773220165,0.13892790665289567,0.1764705882352957,0.6249999999999991,0.5238095238095211
0.46700723773220165,0.13892790665289567,0.1764705882352957,0.6249999999999991,0.5238095238095211
0.46700723773220165,0.13892790665289567,0.1764705882352957,0.6249999999999991,0.5238095238095211
0.46700723773220165,0.13892790665289567,0.1764705882352957,0.6249999999999991,0.5238095238095211
0.46700723773220165,0.13892790665289567,0.1764705882352957,0.6249999999999991,0.5238095238095211
0.40930960929176496,0.3653453583796198,0.47058823529411686,0.7499999999999991,0.5476190476190426
0.40930960929176496,0.3653453583796198,0.47058823529411686,0.7916666666666661,0.5714285714285636
0.40930960929176496,0.3653453583796198,0.47058823529411686,0.7916666666666661,0.5714285714285636
0.40930960929176496,0.3653453583796198,0.47058823529411686,0.7916666666666661,0.5714285714285636
0.40930960929176496,0.3653453583796198,0.47058823529411686,0.7916666666666661,0.5714285714285636
0.40930960929176496,0.3653453583796198,0.47058823529411686,0.7916666666666661,0.5714285714285636
0.40930960929176496,0.3653453583796198,0.47058823529411686,0.7916666666666661,0.5714285714285636
0.40930960929176496,0.3653453583796198,0.47058823529411686,0.7916666666666661,0.5714285714285636
0.40930960929176496,0.3653453583796198,0.47058823529411686,0.7916666666666661,0.5714285714285636
0.40930960929176496,0.3653453583796198,0.47058823529411686,0.7916666666666661,0.5714285714285636
0.40930960929176496,0.3653453583796198,0.47058823529411686,0.7916666666666661,0.5714285714285636
0.40930960929176496,0.3653453583796198,0.47058823529411686,0.7916666666666661,0.5714285714285636
0.40930960929176496,0.3653453583796198,0.47058823529411686,0.7916666666666661,0.5714285714285636
0.40930960929176496,0.3653453583796198,0.47058823529411686,0.7916666666666661,0.5714285714285636
0.40930960929176496,0.3653453583796198,0.47058823529411686,0.7916666666666661,0.5714285714285636
0.40930960929176496,0.3653453583796198,0.47058823529411686,0.7916666666666661,0.5714285714285636
0.40930960929176496,0.3653453583796198,0.7058823529411793,0.7083333333333326,0.5476190476190426
0.23942917271832442,0.0,0.7647058823529367,0.49999999999999867,0.4761904761904523
0.23942917271832442,0.0,0.7647058823529367,0.49999999999999867,0.4761904761904523
0.23942917271832442,0.0,0.7647058823529367,0.49999999999999867,0.4761904761904523
0.23942917271832442,0.0,0.7647058823529367,0.49999999999999867,0.4761904761904523
0.23942917271832442,0.0,0.7647058823529367,0.49999999999999867,0.4761904761904523
0.23942917271832442,0.0,0.7647058823529367,0.49999999999999867,0.4761904761904523
0.23942917271832442,0.0,0.7647058823529367,0.5833333333333393,0.4761904761904523
0.23942917271832442,0.0,0.7647058823529367,0.5833333333333393,0.4761904761904523
0.23942917271832442,0.0,0.7647058823529367,0.5833333333333393,0.4761904761904523
0.23942917271832442,0.0,0.7647058823529367,0.5833333333333393,0.4761904761904523
0.23942917271832442,0.0,0.7647058823529367,0.5833333333333393,0.4761904761904523
0.23942917271832442,0.0,0.7647058823529367,0.5833333333333393,0.4761904761904523
0.23942917271832442,0.0,0.7647058823529367,0.5833333333333393,0.4761904761904523
0.23942917271832442,0.0,0.7647058823529367,0.5833333333333393,0.4761904761904523
0.36085072810777863,0.0,0.647058823529405,0.5833333333333326,0.6428571428571277
0.3514423390789867,0.08032042057915456,0.647058823529405,0.5833333333333326,0.6428571428571277
0.3514423390789867,0.08032042057915456,0.647058823529405,0.5833333333333326,0.6428571428571277
0.3514423390789867,0.08032042057915456,0.647058823529405,0.5833333333333326,0.6428571428571277
0.3514423390789867,0.08032042057915456,0.647058823529405,0.6666666666666656,0.6428571428571277
0.3514423390789867,0.08032042057915456,0.647058823529405,0.6666666666666656,0.6428571428571277
0.3514423390789867,0.08032042057915456,0.647058823529405,0.6666666666666656,0.6428571428571277
0.3514423390789867,0.08032042057915456,0.647058823529405,0.6666666666666656,0.6428571428571277
0.3514423390789867,0.08032042057915456,0.647058823529405,0.6666666666666656,0.6428571428571277
0.1804255383714537,0.17273150090939726,0.4117647058823586,0.5833333333333326,0.4761904761904785
0.1804255383714537,0.20152708375176553,0.4117647058823586,0.5833333333333326,0.4761904761904785
0.1804255383714537,0.20152708375176553,0.4117647058823586,0.5833333333333326,0.4761904761904785
0.1804255383714537,0.20152708375176553,0.4117647058823586,0.5833333333333326,0.4761904761904785
0.1804255383714537,0.20152708375176553,0.4117647058823586,0.5833333333333326,0.4761904761904785
0.1804255383714537,0.20152708375176553,0.4117647058823586,0.5833333333333326,0.4761904761904785
0.1804255383714537,0.20152708375176553,0.4117647058823586,0.5833333333333326,0.4761904761904785
0.1804255383714537,0.20152708375176553,0.5882352941176316,0.6249999999999991,0.5
0.1804255383714537,0.20152708375176553,0.5882352941176316,0.6249999999999991,0.5
0.1804255383714537,0.20152708375176553,0.5882352941176316,0.6249999999999991,0.5
0.1804255383714537,0.20152708375176553,0.5882352941176316,0.6249999999999991,0.5
0.1804255383714537,0.20152708375176553,0.5882352941176316,0.6249999999999991,0.5
0.4436703719622743,0.20152708375176553,0.647058823529405,0.7916666666666661,0.8095238095238031
0.4436703719622743,0.13614899046615436,0.647058823529405,0.7916666666666661,0.8095238095238031
0.4436703719622743,0.13614899046615436,0.647058823529405,0.833333333333333,0.8095238095238031
0.4436703719622743,0.13614899046615436,0.647058823529405,0.833333333333333,0.8095238095238031
0.4436703719622743,0.13614899046615436,0.647058823529405,0.833333333333333,0.8095238095238031
0.4436703719622743,0.13614899046615436,0.647058823529405,0.833333333333333,0.8095238095238031
0.4436703719622743,0.13614899046615436,0.647058823529405,0.833333333333333,0.8095238095238031
0.4436703719622743,0.13614899046615436,0.647058823529405,0.833333333333333,0.8095238095238031
0.4436703719622743,0.13614899046615436,0.647058823529405,0.833333333333333,0.8095238095238031
0.4436703719622743,0.13614899046615436,0.647058823529405,0.833333333333333,0.8095238095238031
0.4436703719622743,0.13614899046615436,0.647058823529405,0.833333333333333,0.8095238095238031
0.4436703719622743,0.13614899046615436,0.7647058823529367,0.833333333333333,0.8095238095238031
0.2404748626922677,0.24366304197688526,0.8823529411764524,0.6249999999999991,0.6904761904761703
0.2404748626922677,0.24366304197688526,0.8823529411764524,0.6249999999999991,0.6904761904761703
0.2404748626922677,0.24366304197688526,0.8823529411764524,0.6249999999999991,0.6904761904761703
0.2404748626922677,0.24366304197688526,0.8823529411764524,0.6249999999999991,0.6904761904761703
0.2404748626922677,0.24366304197688526,0.8823529411764524,0.6249999999999991,0.6904761904761703
0.2404748626922677,0.24366304197688526,0.8823529411764524,0.6249999999999991,0.6904761904761703
0.2404748626922677,0.24366304197688526,0.8823529411764524,0.6249999999999991,0.6904761904761703
0.2404748626922677,0.24366304197688526,0.8823529411764524,0.6249999999999991,0.6904761904761703
0.2404748626922677,0.24366304197688526,0.8823529411764524,0.6249999999999991,0.6904761904761703
0.2404748626922677,0.24366304197688526,0.9999999999999902,0.6666666666666656,0.8333333333333242
0.2404748626922677,0.24366304197688526,0.9999999999999902,0.6666666666666656,0.8333333333333242
0.2404748626922677,0.24366304197688526,0.9999999999999902,0.6666666666666656,0.8333333333333242
0.2404748626922677,0.24366304197688526,0.9999999999999902,0.6666666666666656,0.8333333333333242
0.2404748626922677,0.24366304197688526,0.9999999999999902,0.6666666666666656,0.8333333333333242
0.0,0.1973942240556914,0.9411764705882097,0.2916666666666652,0.42857142857140973
0.0,0.2251958958086271,0.9411764705882097,0.2916666666666652,0.42857142857140973
0.0,0.2251958958086271,0.9411764705882097,0.2916666666666652,0.42857142857140973
0.0,0.2251958958086271,0.9411764705882097,0.2916666666666652,0.42857142857140973
0.0,0.2251958958086271,0.9411764705882097,0.2916666666666652,0.42857142857140973
0.0,0.2251958958086271,1.0,0.45833333333332993,0.5238095238095211
0.0,0.2251958958086271,1.0,0.45833333333332993,0.5238095238095211
0.0,0.2251958958086271,1.0,0.45833333333332993,0.5238095238095211
0.0,0.2251958958086271,1.0,0.45833333333332993,0.5238095238095211
0.0,0.2251958958086271,1.0,0.45833333333332993,0.5238095238095211
0.0,0.2251958958086271,1.0,0.45833333333332993,0.5238095238095211
0.0,0.2251958958086271,1.0,0.45833333333332993,0.5238095238095211
0.35722785576499216,0.2251958958086271,0.7058823529411695,0.6249999999999991,0.5714285714285636
0.35722785576499216,0.2251958958086271,0.7058823529411695,0.6249999999999991,0.5714285714285636
0.35722785576499216,0.27722558457434143,0.823529411764695,0.6666666666666639,0.6190476190476062
0.35722785576499216,0.27722558457434143,0.823529411764695,0.6666666666666639,0.6190476190476062
0.35722785576499216,0.27722558457434143,0.823529411764695,0.6666666666666639,0.6190476190476062
0.35722785576499216,0.27722558457434143,0.7058823529411695,0.6666666666666639,0.6190476190476062
0.35722785576499216,0.27722558457434143,0.823529411764695,0.6666666666666639,0.6190476190476062
0.35722785576499216,0.27722558457434143,0.823529411764695,0.6666666666666639,0.6190476190476062
0.35722785576499216,0.27722558457434143,0.823529411764695,0.6666666666666639,0.6190476190476062
0.35722785576499216,0.27722558457434143,0.823529411764695,0.6666666666666639,0.6190476190476062
0.35722785576499216,0.27722558457434143,0.823529411764695,0.6666666666666639,0.6190476190476062
0.5001986461423513,0.23188446072351487,0.647058823529405,0.2916666666666652,0.3095238095238031
0.5001986461423513,0.6278708369041599,0.7058823529411695,0.33333333333334325,0.33333333333332416
0.5001986461423513,0.6278708369041599,0.7058823529411695,0.33333333333334325,0.33333333333332416
0.5001986461423513,0.6278708369041599,0.7058823529411695,0.33333333333334325,0.33333333333332416
0.5001986461423513,0.6278708369041599,0.7058823529411695,0.33333333333334325,0.33333333333332416
0.5001986461423513,0.6278708369041599,0.7058823529411695,0.33333333333334325,0.33333333333332416
0.5001986461423513,0.6278708369041599,0.7058823529411695,0.2916666666666652,0.33333333333332416
0.5001986461423513,0.6278708369041599,0.7058823529411695,0.2916666666666652,0.33333333333332416
0.5001986461423513,0.6278708369041599,0.7058823529411695,0.33333333333334325,0.33333333333332416
0.5001986461423513,0.6278708369041599,0.7058823529411695,0.33333333333334325,0.33333333333332416
0.5001986461423513,0.6278708369041599,0.7058823529411695,0.33333333333334325,0.33333333333332416
0.3640908886140055,0.580143586907627,0.7058823529411695,0.33333333333334325,0.33333333333332416
0.3640908886140055,0.5299801237961916,0.7058823529411695,0.2916666666666652,0.33333333333332416
0.3640908886140055,0.5299801237961916,0.7058823529411695,0.2916666666666652,0.33333333333332416
0.3640908886140055,0.5299801237961916,0.7058823529411695,0.2916666666666652,0.33333333333332416
0.3640908886140055,0.5299801237961916,0.7058823529411695,0.2916666666666652,0.33333333333332416
0.3640908886140055,0.5299801237961916,0.7058823529411695,0.2916666666666652,0.33333333333332416
0.3640908886140055,0.5299801237961916,0.7058823529411695,0.2916666666666652,0.33333333333332416
0.3640908886140055,0.5299801237961916,0.7058823529411695,0.2916666666666652,0.33333333333332416
0.3640908886140055,0.5299801237961916,0.7058823529411695,0.2916666666666652,0.33333333333332416
0.3640908886140055,0.5299801237961916,0.7058823529411695,0.2916666666666652,0.33333333333332416
0.3640908886140055,0.5299801237961916,0.7058823529411695,0.2916666666666652,0.33333333333332416
0.3640908886140055,0.5299801237961916,0.7058823529411695,0.2916666666666652,0.33333333333332416
0.3640908886140055,0.5299801237961916,0.7058823529411695,0.2916666666666652,0.33333333333332416
0.3640908886140055,0.5299801237961916,0.23529411764705666,0.2916666666666652,0.4761904761904785
0.3640908886140055,0.5299801237961916,0.23529411764705666,0.2916666666666652,0.4761904761904785
0.44303314767855273,0.42745963890124505,0.5294117647058743,0.2916666666666652,0.5238095238095211
0.44303314767855273,0.42745963890124505,0.5294117647058743,0.2916666666666652,0.5238095238095211
0.44303314767855273,0.42745963890124505,0.5294117647058743,0.2916666666666652,0.5238095238095211
0.44303314767855273,0.42745963890124505,0.5294117647058743,0.2916666666666652,0.5238095238095211
0.44303314767855273,0.42745963890124505,0.5294117647058743,0.2916666666666652,0.5238095238095211
0.44303314767855273,0.42745963890124505,0.5294117647058743,0.2916666666666652,0.5238095238095211
0.44303314767855273,0.42745963890124505,0.5294117647058743,0.2916666666666652,0.5238095238095211
0.44303314767855273,0.42745963890124505,0.5294117647058743,0.2916666666666652,0.5238095238095211
0.44303314767855273,0.42745963890124505,0.5294117647058743,0.2916666666666652,0.5238095238095211
0.44303314767855273,0.42745963890124505,0.5294117647058743,0.2916666666666652,0.5238095238095211
0.44303314767855273,0.42745963890124505,0.5294117647058743,0.2916666666666652,0.5238095238095211
0.44303314767855273,0.42745963890124505,0.5294117647058743,0.2916666666666652,0.5238095238095211
0.44303314767855273,0.42745963890124505,0.4117647058823488,0.2916666666666652,0.5238095238095211
0.44303314767855273,0.42745963890124505,0.4117647058823488,0.2916666666666652,0.5238095238095211
0.44303314767855273,0.42745963890124505,0.4117647058823488,0.2916666666666652,0.5238095238095211
0.44303314767855273,0.42745963890124505,0.4117647058823488,0.2916666666666652,0.5238095238095211
0.44303314767855273,0.42745963890124505,0.4117647058823488,0.2916666666666652,0.5238095238095211
0.44303314767855273,0.42745963890124505,0.4117647058823488,0.2916666666666652,0.5238095238095211
0.44303314767855273,0.42745963890124505,0.4117647058823488,0.2916666666666652,0.5238095238095211
0.44303314767855273,0.42745963890124505,0.4117647058823488,0.2916666666666652,0.5238095238095211
0.44303314767855273,0.42745963890124505,0.5294117647058743,0.37500000000000533,0.5238095238095211
0.44303314767855273,0.42745963890124505,0.5294117647058743,0.37500000000000533,0.5238095238095211
0.44303314767855273,0.42745963890124505,0.5294117647058743,0.37500000000000533,0.5238095238095211
0.44303314767855273,0.42745963890124505,0.23529411764705666,0.2916666666666652,0.6190476190476062
0.3855274690218007,0.30214484976150047,0.647058823529389,0.5416666666666541,0.8571428571428457
0.3855274690218007,0.30214484976150047,0.647058823529389,0.5416666666666541,0.8571428571428457
0.3855274690218007,0.30214484976150047,0.647058823529389,0.5416666666666541,0.8571428571428457
0.3855274690218007,0.30214484976150047,0.647058823529389,0.5416666666666541,0.8571428571428457
0.3855274690218007,0.30214484976150047,0.647058823529389,0.5416666666666541,0.8571428571428457
0.3855274690218007,0.30214484976150047,0.647058823529389,0.5416666666666541,0.8571428571428457
0.3855274690218007,0.30214484976150047,0.647058823529389,0.5416666666666541,0.8571428571428457
0.3855274690218007,0.30214484976150047,0.647058823529389,0.5416666666666541,0.8571428571428457
0.3855274690218007,0.30214484976150047,0.647058823529389,0.5416666666666541,0.8571428571428457
0.3855274690218007,0.30214484976150047,0.647058823529389,0.5416666666666541,0.8571428571428457
0.3855274690218007,0.30214484976150047,0.647058823529389,0.5416666666666541,0.8571428571428457
0.3855274690218007,0.30214484976150047,0.647058823529389,0.5416666666666541,0.8571428571428457
0.3855274690218007,0.30214484976150047,0.647058823529389,0.5416666666666541,0.8571428571428457
0.3855274690218007,0.30214484976150047,0.647058823529389,0.5416666666666541,0.8571428571428457
0.3855274690218007,0.30214484976150047,0.7058823529411695,0.5833333333333326,0.8809523809523672
0.3855274690218007,0.30214484976150047,0.7058823529411695,0.5833333333333326,0.8809523809523672
0.3855274690218007,0.30214484976150047,0.7058823529411695,0.5833333333333326,0.8809523809523672
0.3855274690218007,0.30214484976150047,0.7058823529411695,0.5833333333333326,0.8809523809523672
0.3855274690218007,0.30214484976150047,0.7058823529411695,0.5833333333333326,0.8809523809523672
0.3855274690218007,0.30214484976150047,0.7058823529411695,0.5833333333333326,0.8809523809523672
0.3855274690218007,0.30214484976150047,0.647058823529389,0.7083333333333326,0.8571428571428457
0.6086484672332935,0.528802186439457,0.3529411764705843,0.2916666666666652,0.19047619047617026
0.6086484672332935,0.528802186439457,0.3529411764705843,0.2916666666666652,0.19047619047617026
0.6086484672332935,0.528802186439457,0.3529411764705843,0.2916666666666652,0.19047619047617026
0.6086484672332935,0.528802186439457,0.3529411764705843,0.2916666666666581,0.19047619047617026
0.6086484672332935,0.528802186439457,0.3529411764705843,0.2916666666666581,0.19047619047617026
0.6086484672332935,0.528802186439457,0.3529411764705843,0.2916666666666581,0.19047619047617026
0.6086484672332935,0.528802186439457,0.3529411764705843,0.2916666666666581,0.19047619047617026
0.6086484672332935,0.528802186439457,0.4705882352941124,0.3333333333333317,0.33333333333329795
0.6086484672332935,0.528802186439457,0.4705882352941124,0.3333333333333317,0.33333333333329795
0.6086484672332935,0.528802186439457,0.4705882352941124,0.3333333333333317,0.33333333333329795
0.6086484672332935,0.528802186439457,0.4705882352941124,0.3333333333333317,0.33333333333329795
0.6086484672332935,0.528802186439457,0.3529411764705843,0.3333333333333317,0.23809523809521282
0.26315900606841147,0.6266303050485882,0.5294117647058743,0.2916666666666652,0.2619047619047339
0.26315900606841147,0.6266303050485882,0.5294117647058743,0.2916666666666652,0.2619047619047339
0.26315900606841147,0.6266303050485882,0.5294117647058743,0.2916666666666652,0.2619047619047339
0.26315900606841147,0.6266303050485882,0.5294117647058743,0.2916666666666652,0.2619047619047339
0.26315900606841147,0.6266303050485882,0.5294117647058743,0.2916666666666652,0.2619047619047339
0.26315900606841147,0.6266303050485882,0.5294117647058743,0.2916666666666652,0.2619047619047339
0.26315900606841147,0.6266303050485882,0.5294117647058743,0.2916666666666652,0.2619047619047339
0.26315900606841147,0.6266303050485882,0.5294117647058743,0.2916666666666652,0.2619047619047339
0.26315900606841147,0.6266303050485882,0.5294117647058769,0.2916666666666652,0.2857142857142554
0.26315900606841147,0.6266303050485882,0.5294117647058769,0.2916666666666652,0.2857142857142554
0.26315900606841147,0.6266303050485882,0.5294117647058769,0.2916666666666652,0.2857142857142554
0.26315900606841147,0.6266303050485882,0.5294117647058769,0.3333333333333317,0.2857142857142554
0.560290228773554,0.14025038460130368,0.29411764705881094,0.2083333333333317,0.30952380952377645
0.560290228773554,0.14025038460130368,0.29411764705881094,0.2083333333333317,0.30952380952377645
0.560290228773554,0.14025038460130368,0.29411764705881094,0.2083333333333317,0.30952380952377645
0.560290228773554,0.14025038460130368,0.47058823529411686,0.20833333333333393,0.3809523809523667
0.560290228773554,0.14025038460130368,0.47058823529411686,0.20833333333333393,0.3809523809523667
0.560290228773554,0.14025038460130368,0.47058823529411686,0.20833333333333393,0.3809523809523667
0.560290228773554,0.14025038460130368,0.47058823529411686,0.20833333333333393,0.3809523809523667
0.560290228773554,0.14025038460130368,0.47058823529411686,0.20833333333333393,0.3809523809523667
0.560290228773554,0.14025038460130368,0.47058823529411686,0.20833333333333393,0.3809523809523667
0.560290228773554,0.14025038460130368,0.5294117647058743,0.49999999999999867,0.3809523809523667
0.560290228773554,0.14025038460130368,0.5294117647058743,0.49999999999999867,0.3809523809523667
0.560290228773554,0.14025038460130368,0.5294117647058743,0.49999999999999867,0.3809523809523667
0.06776706042257974,0.14025038460130368,0.3529411764705843,0.2916666666666581,0.3809523809523667
0.06776706042257974,0.44199864821702883,0.3529411764705843,0.2916666666666581,0.3809523809523667
0.06776706042257974,0.44199864821702883,0.3529411764705843,0.2916666666666581,0.3809523809523667
0.06776706042257974,0.44199864821702883,0.3529411764705843,0.2916666666666581,0.3809523809523667
0.06776706042257974,0.44199864821702883,0.3529411764705843,0.2916666666666581,0.3809523809523667
0.06776706042257974,0.44199864821702883,0.3529411764705843,0.2916666666666581,0.3809523809523667
0.06776706042257974,0.44199864821702883,0.3529411764705843,0.2916666666666581,0.3809523809523667
0.06776706042257974,0.44199864821702883,0.3529411764705843,0.2916666666666581,0.3809523809523667
0.06776706042257974,0.44199864821702883,0.3529411764705843,0.2916666666666581,0.3809523809523667
0.06776706042257974,0.44199864821702883,0.3529411764705843,0.2916666666666581,0.3809523809523667
0.06776706042257974,0.44199864821702883,0.4117647058823488,0.2916666666666652,0.4523809523809308
0.06776706042257974,0.44199864821702883,0.4117647058823488,0.2916666666666652,0.4523809523809308
0.06776706042257974,0.44199864821702883,0.4117647058823488,0.2916666666666652,0.4523809523809308
0.06776706042257974,0.44199864821702883,0.4117647058823488,0.2916666666666652,0.4523809523809308
0.06776706042257974,0.44199864821702883,0.4117647058823488,0.2916666666666652,0.4523809523809308
0.06776706042257974,0.44199864821702883,0.3529411764705843,0.2916666666666652,0.35714285714284566
0.2477192466483613,0.3726034089577914,0.5294117647058743,0.24999999999999822,0.6190476190476062
0.2477192466483613,0.42724340421010254,0.5294117647058743,0.24999999999999822,0.6190476190476062
0.2477192466483613,0.42724340421010254,0.5294117647058743,0.24999999999999822,0.6190476190476062
0.2477192466483613,0.42724340421010254,0.5294117647058743,0.24999999999999822,0.6190476190476062
0.2477192466483613,0.42724340421010254,0.5294117647058743,0.24999999999999822,0.6190476190476062
0.2477192466483613,0.42724340421010254,0.5294117647058743,0.24999999999999822,0.6190476190476062
0.2477192466483613,0.42724340421010254,0.5294117647058743,0.24999999999999822,0.6190476190476062
0.2477192466483613,0.42724340421010254,0.5294117647058743,0.24999999999999822,0.6190476190476062
0.2477192466483613,0.42724340421010254,0.5294117647058743,0.24999999999999822,0.6190476190476062
0.2477192466483613,0.42724340421010254,0.5294117647058743,0.24999999999999822,0.6190476190476062
0.27846548754729206,0.6844682010162901,0.5294117647058743,0.24999999999999822,0.6190476190476062
0.27846548754729206,0.6844682010162901,0.5294117647058743,0.24999999999999822,0.6190476190476062
0.27846548754729206,0.6844682010162901,0.5294117647058743,0.24999999999999822,0.6190476190476062
0.27846548754729206,0.6844682010162901,0.5294117647058743,0.24999999999999822,0.6190476190476062
0.27846548754729206,0.6844682010162901,0.5294117647058743,0.24999999999999822,0.6190476190476062
0.27846548754729206,0.6844682010162901,0.5294117647058743,0.24999999999999822,0.6190476190476062
0.27846548754729206,0.6844682010162901,0.5294117647058743,0.24999999999999822,0.6190476190476062
0.27846548754729206,0.6844682010162901,0.5294117647058743,0.24999999999999822,0.6190476190476062
0.27846548754729206,0.6844682010162901,0.5294117647058743,0.24999999999999822,0.6190476190476062
0.29073596747566555,0.6844682010162901,0.647058823529389,0.2916666666666652,0.4523809523809308
0.29073596747566555,0.6844682010162901,0.647058823529389,0.2916666666666652,0.4523809523809308
0.29073596747566555,0.6951769445108584,0.647058823529389,0.2916666666666652,0.4523809523809308
0.29073596747566555,0.6951769445108584,0.647058823529389,0.2916666666666652,0.4523809523809308
0.29073596747566555,0.6951769445108584,0.647058823529389,0.2916666666666652,0.4523809523809308
0.29073596747566555,0.6951769445108584,0.647058823529389,0.2916666666666652,0.4523809523809308
0.29073596747566555,0.6951769445108584,0.647058823529389,0.2916666666666652,0.4523809523809308
0.29073596747566555,0.6951769445108584,0.647058823529389,0.2916666666666652,0.4523809523809308
0.29073596747566555,0.6951769445108584,0.647058823529389,0.2916666666666652,0.4523809523809308
0.29073596747566555,0.6951769445108584,0.647058823529389,0.2916666666666652,0.4523809523809308
0.29073596747566555,0.6951769445108584,0.647058823529389,0.2916666666666652,0.4523809523809308
0.29073596747566555,0.6951769445108584,0.647058823529389,0.2916666666666652,0.4523809523809308
0.24657558830838067,0.6951769445108584,0.29411764705881094,0.1666666666666714,0.16666666666664876
0.24657558830838067,0.6787134905425041,0.29411764705881094,0.1666666666666714,0.16666666666664876
0.24657558830838067,0.6787134905425041,0.29411764705881094,0.1666666666666714,0.16666666666664876
0.24657558830838067,0.6787134905425041,0.29411764705881094,0.1666666666666714,0.16666666666664876
0.24657558830838067,0.6787134905425041,0.29411764705881094,0.1666666666666714,0.16666666666664876
0.24657558830838067,0.6787134905425041,0.29411764705881094,0.1666666666666714,0.16666666666664876
0.24657558830838067,0.6787134905425041,0.29411764705881094,0.1666666666666714,0.16666666666664876
0.24657558830838067,0.6787134905425041,0.29411764705881094,0.1666666666666714,0.16666666666664876
0.24657558830838067,0.6787134905425041,0.2941176470588207,0.1666666666666714,0.2619047619047339
0.24657558830838067,0.6787134905425041,0.2941176470588207,0.1666666666666714,0.2619047619047339
0.24657558830838067,0.6787134905425041,0.2941176470588207,0.1666666666666714,0.2619047619047339
0.24657558830838067,0.6787134905425041,0.2941176470588207,0.1666666666666714,0.2619047619047339
0.24657558830838067,0.6787134905425041,0.2941176470588207,0.1666666666666714,0.2619047619047339
0.333363601760869,0.7552961947259385,0.4117647058823586,0.499999999999992,0.6428571428571277
0.333363601760869,0.4714207792836542,0.4117647058823586,0.499999999999992,0.6428571428571277
0.333363601760869,0.4714207792836542,0.4117647058823586,0.499999999999992,0.6428571428571277
0.333363601760869,0.4714207792836542,0.647058823529389,0.499999999999992,0.6666666666666488
0.333363601760869,0.4714207792836542,0.647058823529389,0.499999999999992,0.6666666666666488
0.333363601760869,0.4714207792836542,0.647058823529389,0.499999999999992,0.6666666666666488
0.333363601760869,0.4714207792836542,0.647058823529389,0.499999999999992,0.6666666666666488
0.333363601760869,0.4714207792836542,0.647058823529389,0.499999999999992,0.6666666666666488
0.333363601760869,0.4714207792836542,0.647058823529389,0.499999999999992,0.6666666666666488
0.333363601760869,0.4714207792836542,0.647058823529389,0.499999999999992,0.6666666666666488
0.333363601760869,0.4714207792836542,0.647058823529389,0.499999999999992,0.6666666666666488
0.5579163481226113,0.4714207792836542,0.5294117647058743,0.41666666666666563,0.5238095238095211
0.5655664693681661,0.6926922612338076,0.5294117647058743,0.41666666666666563,0.5238095238095211
0.5655664693681661,0.6926922612338076,0.5294117647058743,0.41666666666666563,0.5238095238095211
0.5655664693681661,0.6926922612338076,0.5294117647058743,0.41666666666666563,0.5238095238095211
0.5655664693681661,0.6926922612338076,0.5294117647058743,0.41666666666666563,0.5238095238095211
0.5655664693681661,0.6926922612338076,0.5294117647058743,0.41666666666666563,0.5238095238095211
0.5655664693681661,0.6926922612338076,0.5294117647058743,0.41666666666666563,0.5238095238095211
0.5655664693681661,0.6926922612338076,0.5294117647058743,0.41666666666666563,0.5238095238095211
0.5655664693681661,0.6926922612338076,0.5294117647058743,0.41666666666666563,0.5238095238095211
0.5655664693681661,0.6926922612338076,0.5294117647058743,0.41666666666666563,0.5238095238095211
0.5655664693681661,0.6926922612338076,0.5294117647058743,0.41666666666666563,0.5238095238095211
0.5655664693681661,0.6926922612338076,0.5294117647058743,0.41666666666666563,0.5238095238095211
0.5655664693681661,0.6926922612338076,0.5294117647058743,0.41666666666666563,0.5238095238095211
0.32628747118429935,0.22946177591694905,0.1764705882352957,0.2916666666666581,0.357142857142819
0.32628747118429935,0.22770844534352364,0.29411764705881094,0.2916666666666652,0.35714285714284566
0.32628747118429935,0.22770844534352364,0.29411764705881094,0.2916666666666652,0.35714285714284566
0.32628747118429935,0.22770844534352364,0.29411764705881094,0.2916666666666652,0.35714285714284566
0.32628747118429935,0.22770844534352364,0.29411764705881094,0.2916666666666652,0.35714285714284566
0.32628747118429935,0.22770844534352364,0.29411764705881094,0.2916666666666652,0.35714285714284566
0.32628747118429935,0.22770844534352364,0.29411764705881094,0.2916666666666652,0.35714285714284566
0.32628747118429935,0.22770844534352364,0.29411764705881094,0.2916666666666652,0.35714285714284566
0.32628747118429935,0.22770844534352364,0.29411764705881094,0.2916666666666652,0.35714285714284566
0.32628747118429935,0.22770844534352364,0.29411764705881094,0.2916666666666652,0.35714285714284566
0.32628747118429935,0.22770844534352364,0.29411764705881094,0.2916666666666652,0.35714285714284566
0.48717014754235066,0.22770844534352364,0.5882352941176316,0.45833333333333215,0.6190476190476062
0.48717014754235066,0.3229073812760932,0.5882352941176316,0.45833333333333215,0.6190476190476062
0.48717014754235066,0.3229073812760932,0.5882352941176316,0.45833333333333215,0.6190476190476062
0.48717014754235066,0.3229073812760932,0.5882352941176316,0.45833333333333215,0.6190476190476062
0.48717014754235066,0.3229073812760932,0.5882352941176316,0.45833333333333215,0.6190476190476062
0.48717014754235066,0.3229073812760932,0.5882352941176316,0.45833333333333215,0.6190476190476062
0.48717014754235066,0.3229073812760932,0.5882352941176316,0.45833333333333215,0.6190476190476062
0.48717014754235066,0.3229073812760932,0.5882352941176316,0.45833333333333215,0.6190476190476062
0.48717014754235066,0.3229073812760932,0.5882352941176316,0.45833333333333215,0.6190476190476062
0.48717014754235066,0.3229073812760932,0.5882352941176316,0.45833333333333215,0.6190476190476062
0.48717014754235066,0.3229073812760932,0.5882352941176316,0.45833333333333215,0.6190476190476062
0.48717014754235066,0.3229073812760932,0.5882352941176316,0.45833333333333215,0.6190476190476062
0.48717014754235066,0.3229073812760932,0.5882352941176316,0.45833333333333215,0.6190476190476062
0.43258676220013204,0.30513506064749096,0.8235294117646976,0.4166666666666674,0.6666666666666488
0.43258676220013204,0.15470515787834227,0.8235294117646976,0.4166666666666674,0.6666666666666488
0.43258676220013204,0.15470515787834227,0.8235294117646976,0.4166666666666674,0.6666666666666488
0.43258676220013204,0.15470515787834227,0.8235294117646976,0.4166666666666674,0.6666666666666488
0.43258676220013204,0.15470515787834227,0.8235294117646976,0.4166666666666674,0.6666666666666488
0.43258676220013204,0.15470515787834227,0.8235294117646976,0.4166666666666674,0.6666666666666488
0.43258676220013204,0.15470515787834227,0.8235294117646976,0.4166666666666674,0.6666666666666488
0.43258676220013204,0.15470515787834227,0.8235294117646976,0.4166666666666674,0.6666666666666488
0.43258676220013204,0.15470515787834227,0.8235294117646976,0.4166666666666674,0.6666666666666488
0.43258676220013204,0.15470515787834227,0.8235294117646976,0.4166666666666674,0.6666666666666488
0.43258676220013204,0.15470515787834227,0.8235294117646976,0.4166666666666674,0.6666666666666488
0.43258676220013204,0.15470515787834227,0.8235294117646976,0.4166666666666674,0.6666666666666488
0.3266502521734065,0.34890601443622105,0.47058823529411686,0.1666666666666652,0.33333333333332416
0.3266502521734065,0.4284635141911859,0.47058823529411686,0.1666666666666652,0.33333333333332416
0.3266502521734065,0.4284635141911859,0.47058823529411686,0.1666666666666652,0.33333333333332416
0.3266502521734065,0.4284635141911859,0.47058823529411686,0.1666666666666652,0.33333333333332416
0.3266502521734065,0.4284635141911859,0.47058823529411686,0.1666666666666652,0.33333333333332416
0.3266502521734065,0.4284635141911859,0.47058823529411686,0.1666666666666652,0.33333333333332416
0.3266502521734065,0.4284635141911859,0.47058823529411686,0.1666666666666652,0.33333333333332416
0.3266502521734065,0.4284635141911859,0.47058823529411686,0.1666666666666652,0.33333333333332416
0.3266502521734065,0.4284635141911859,0.47058823529411686,0.1666666666666652,0.33333333333332416
0.3266502521734065,0.4284635141911859,0.47058823529411686,0.1666666666666652,0.33333333333332416
0.3266502521734065,0.4284635141911859,0.47058823529411686,0.1666666666666652,0.33333333333332416
0.5151769526038112,0.32874044202269026,0.47058823529411686,0.2916666666666581,0.3809523809523667
0.5151769526038112,0.32874044202269026,0.47058823529411686,0.2916666666666581,0.3809523809523667
0.5151769526038112,0.31845868033852565,0.47058823529411686,0.2916666666666581,0.3809523809523667
0.5151769526038112,0.31845868033852565,0.47058823529411686,0.2916666666666581,0.3809523809523667
0.5151769526038112,0.31845868033852565,0.47058823529411686,0.2916666666666581,0.3809523809523667
0.5151769526038112,0.31845868033852565,0.47058823529411686,0.2916666666666581,0.3809523809523667
0.5151769526038112,0.31845868033852565,0.47058823529411686,0.2916666666666581,0.3809523809523667
0.5151769526038112,0.31845868033852565,0.47058823529411686,0.2916666666666581,0.3809523809523667
0.5151769526038112,0.31845868033852565,0.47058823529411686,0.2916666666666581,0.3809523809523667
0.5151769526038112,0.31845868033852565,0.47058823529411686,0.2916666666666581,0.3809523809523667
0.5151769526038112,0.31845868033852565,0.47058823529411686,0.2916666666666581,0.3809523809523667
0.5151769526038112,0.31845868033852565,0.47058823529411686,0.2916666666666581,0.3809523809523667
0.5151769526038112,0.31845868033852565,0.47058823529411686,0.2916666666666581,0.3809523809523667
0.45921521561784306,0.31845868033852565,0.9411764705882248,0.5416666666666541,0.7619047619047605
0.45921521561784306,0.31845868033852565,0.9411764705882248,0.5416666666666541,0.7619047619047605
0.45921521561784306,0.31845868033852565,0.9411764705882248,0.5416666666666541,0.7619047619047605
0.45921521561784306,0.3154326599118096,0.9411764705882248,0.5416666666666541,0.7619047619047605
0.45921521561784306,0.3154326599118096,0.9411764705882248,0.5416666666666541,0.7619047619047605
0.45921521561784306,0.3154326599118096,0.9411764705882248,0.5416666666666541,0.7619047619047605
0.45921521561784306,0.3154326599118096,0.9411764705882248,0.5416666666666541,0.7619047619047605
0.45921521561784306,0.3154326599118096,0.9411764705882248,0.5416666666666541,0.7619047619047605
0.45921521561784306,0.3154326599118096,0.9411764705882248,0.5416666666666541,0.7619047619047605
0.45921521561784306,0.3154326599118096,0.9411764705882248,0.5416666666666541,0.7619047619047605
0.45921521561784306,0.3154326599118096,0.9411764705882248,0.5416666666666541,0.7619047619047605
0.346344287379738,0.3154326599118096,0.5882352941176405,0.37499999999999867,0.6190476190476062
0.346344287379738,0.6375723038080423,0.5882352941176405,0.37499999999999867,0.6190476190476062
0.346344287379738,0.6375723038080423,0.5882352941176405,0.37499999999999867,0.6190476190476062
0.346344287379738,0.6375723038080423,0.5882352941176405,0.37499999999999867,0.6190476190476062
0.346344287379738,0.6375723038080423,0.5882352941176405,0.37499999999999867,0.6190476190476062
0.346344287379738,0.6375723038080423,0.7058823529411793,0.37499999999999867,0.6666666666666488
0.346344287379738,0.6375723038080423,0.7058823529411793,0.37499999999999867,0.6666666666666488
0.346344287379738,0.6375723038080423,0.7058823529411793,0.37499999999999867,0.6666666666666488
0.346344287379738,0.6375723038080423,0.7058823529411793,0.37499999999999867,0.6666666666666488
0.346344287379738,0.6375723038080423,0.7058823529411793,0.37499999999999867,0.6666666666666488
0.346344287379738,0.6375723038080423,0.7058823529411793,0.37499999999999867,0.6666666666666488
0.346344287379738,0.6375723038080423,0.7058823529411793,0.37499999999999867,0.6666666666666488
0.5873067693273164,0.5587972637234677,0.5882352941176405,0.41666666666666563,0.5714285714285636
0.5873067693273164,0.5587972637234677,0.5882352941176405,0.41666666666666563,0.5714285714285636
0.5873067693273164,0.5587972637234677,0.5882352941176405,0.41666666666666563,0.5714285714285636
0.5873067693273164,0.5587972637234677,0.5882352941176405,0.41666666666666563,0.5714285714285636
0.5873067693273164,0.5587972637234677,0.5882352941176405,0.41666666666666563,0.5714285714285636
0.5873067693273164,0.5587972637234677,0.5882352941176405,0.41666666666666563,0.5714285714285636
0.5873067693273164,0.5587972637234677,0.5882352941176405,0.41666666666666563,0.5714285714285636
0.5873067693273164,0.5587972637234677,0.5882352941176405,0.41666666666666563,0.5714285714285636
0.5873067693273164,0.5587972637234677,0.5882352941176405,0.41666666666666563,0.5714285714285636
0.5873067693273164,0.5587972637234677,0.5882352941176405,0.41666666666666563,0.5714285714285636
0.5873067693273164,0.5587972637234677,0.5882352941176405,0.41666666666666563,0.5714285714285636
0.5873067693273164,0.5587972637234677,0.5882352941176405,0.41666666666666563,0.5714285714285636
0.5873067693273164,0.5587972637234677,0.7058823529411695,0.37500000000000533,0.6190476190476062
0.5185933994997338,0.5652535757513424,0.3529411764705688,0.3333333333333317,0.357142857142819
0.5185933994997338,0.5652535757513424,0.3529411764705688,0.3333333333333317,0.35714285714284566
0.5185933994997338,0.5652535757513424,0.3529411764705688,0.3333333333333317,0.35714285714284566
0.5185933994997338,0.5652535757513424,0.3529411764705688,0.3333333333333317,0.35714285714284566
0.5185933994997338,0.5652535757513424,0.3529411764705688,0.3333333333333317,0.35714285714284566
0.5185933994997338,0.5652535757513424,0.3529411764705688,0.3333333333333317,0.35714285714284566
0.5185933994997338,0.5652535757513424,0.3529411764705688,0.3333333333333317,0.35714285714284566
0.5185933994997338,0.5652535757513424,0.3529411764705688,0.3333333333333317,0.35714285714284566
0.5185933994997338,0.5652535757513424,0.3529411764705688,0.3333333333333317,0.35714285714284566
0.5185933994997338,0.5652535757513424,0.3529411764705688,0.3333333333333317,0.35714285714284566
0.5185933994997338,0.5652535757513424,0.3529411764705688,0.3333333333333317,0.35714285714284566
0.798075934033089,0.5611850984438007,0.5294117647058769,0.499999999999992,0.5476190476190426
0.798075934033089,0.46506076439878763,0.5294117647058769,0.499999999999992,0.5476190476190426
0.798075934033089,0.46506076439878763,0.5294117647058769,0.499999999999992,0.5476190476190426
0.798075934033089,0.46506076439878763,0.5294117647058769,0.499999999999992,0.5476190476190426
0.798075934033089,0.46506076439878763,0.5294117647058769,0.499999999999992,0.5476190476190426
0.798075934033089,0.46506076439878763,0.5294117647058769,0.499999999999992,0.5476190476190426
0.798075934033089,0.46506076439878763,0.5294117647058769,0.499999999999992,0.5476190476190426
0.798075934033089,0.46506076439878763,0.5294117647058769,0.499999999999992,0.5476190476190426
0.798075934033089,0.46506076439878763,0.5294117647058769,0.499999999999992,0.5476190476190426
0.798075934033089,0.46506076439878763,0.5294117647058769,0.499999999999992,0.5476190476190426
0.798075934033089,0.46506076439878763,0.5294117647058769,0.499999999999992,0.5476190476190426
0.798075934033089,0.46506076439878763,0.5294117647058769,0.499999999999992,0.5476190476190426
0.7822474010350158,0.29633028258034866,0.5882352941176316,0.37500000000000533,0.42857142857143593
0.7822474010350158,0.29633028258034866,0.5882352941176316,0.37500000000000533,0.42857142857143593
0.7822474010350158,0.29633028258034866,0.5882352941176316,0.37500000000000533,0.42857142857143593
0.7822474010350158,0.29633028258034866,0.5882352941176316,0.37500000000000533,0.42857142857143593
0.7822474010350158,0.29633028258034866,0.5882352941176316,0.45833333333332993,0.42857142857143593
0.7822474010350158,0.29633028258034866,0.5882352941176316,0.45833333333332993,0.42857142857143593
0.7822474010350158,0.29633028258034866,0.5882352941176316,0.45833333333332993,0.42857142857143593
0.7822474010350158,0.29633028258034866,0.5882352941176316,0.45833333333332993,0.42857142857143593
0.7822474010350158,0.29633028258034866,0.5882352941176316,0.45833333333332993,0.42857142857143593
0.7822474010350158,0.29633028258034866,0.5882352941176316,0.45833333333332993,0.42857142857143593
0.7822474010350158,0.29633028258034866,0.5882352941176316,0.45833333333332993,0.42857142857143593
0.7822474010350158,0.29633028258034866,0.5882352941176316,0.45833333333332993,0.42857142857143593
0.7058657878617964,0.29633028258034866,0.7647058823529367,0.5833333333333326,0.5476190476190426
0.7058657878617964,0.3661903528419952,0.7647058823529367,0.5833333333333326,0.5476190476190426
0.7058657878617964,0.3661903528419952,0.7647058823529367,0.5833333333333326,0.5476190476190426
0.7058657878617964,0.3661903528419952,0.7647058823529367,0.5833333333333326,0.5476190476190426
0.7058657878617964,0.3661903528419952,0.7647058823529367,0.5833333333333326,0.5476190476190426
0.7058657878617964,0.3661903528419952,0.7647058823529367,0.5833333333333326,0.5476190476190426
0.7058657878617964,0.3661903528419952,0.7647058823529367,0.5833333333333326,0.5476190476190426
0.7058657878617964,0.3661903528419952,0.7647058823529367,0.5833333333333326,0.5476190476190426
0.7058657878617964,0.3661903528419952,0.7647058823529367,0.5833333333333326,0.5476190476190426
0.7058657878617964,0.3661903528419952,0.7647058823529367,0.5833333333333326,0.5476190476190426
0.7058657878617964,0.3661903528419952,0.7647058823529367,0.5833333333333326,0.5476190476190426
0.7058657878617964,0.3661903528419952,0.7647058823529367,0.5833333333333326,0.5476190476190426
0.43264813593914564,0.2951726479412855,0.4117647058823586,0.12500000000000933,0.33333333333332416
0.43264813593914564,0.32352097869439733,0.4117647058823586,0.12500000000000933,0.33333333333332416
0.8152043121929609,0.6341190587199219,0.47058823529411686,0.33333333333334325,0.23809523809521282
0.8152043121929609,0.6341190587199219,0.47058823529411686,0.33333333333334325,0.23809523809521282
0.8152043121929609,0.6341190587199219,0.47058823529411686,0.33333333333334325,0.23809523809521282
0.8152043121929609,0.6341190587199219,0.47058823529411686,0.33333333333334325,0.23809523809521282
0.8152043121929609,0.6341190587199219,0.47058823529411686,0.33333333333334325,0.23809523809521282
0.8152043121929609,0.6341190587199219,0.47058823529411686,0.33333333333334325,0.23809523809521282
0.8152043121929609,0.6341190587199219,0.47058823529411686,0.33333333333334325,0.23809523809521282
0.8152043121929609,0.6341190587199219,0.47058823529411686,0.33333333333334325,0.23809523809521282
0.8152043121929609,0.6341190587199219,0.47058823529411686,0.33333333333334325,0.23809523809521282
0.8152043121929609,0.6341190587199219,0.47058823529411686,0.33333333333334325,0.23809523809521282
0.8152043121929609,0.6341190587199219,0.47058823529411686,0.33333333333334325,0.23809523809521282
0.7328866316520548,0.6341190587199219,0.4705882352941124,0.45833333333333215,0.42857142857140973
0.7328866316520548,0.5957099357180229,0.4705882352941124,0.45833333333333215,0.42857142857140973
0.7328866316520548,0.5957099357180229,0.4705882352941124,0.45833333333333215,0.42857142857140973
0.7328866316520548,0.5957099357180229,0.4705882352941124,0.45833333333333215,0.42857142857140973
0.7328866316520548,0.5957099357180229,0.4705882352941124,0.45833333333333215,0.42857142857140973
0.7328866316520548,0.5957099357180229,0.4705882352941124,0.45833333333333215,0.42857142857140973
0.7328866316520548,0.5957099357180229,0.4705882352941124,0.45833333333333215,0.42857142857140973
0.7328866316520548,0.5957099357180229,0.4705882352941124,0.45833333333333215,0.42857142857140973
0.7328866316520548,0.5957099357180229,0.4705882352941124,0.45833333333333215,0.42857142857140973
0.7328866316520548,0.5957099357180229,0.4705882352941124,0.45833333333333215,0.42857142857140973
0.7328866316520548,0.5957099357180229,0.4705882352941124,0.45833333333333215,0.42857142857140973
0.7328866316520548,0.5957099357180229,0.7058823529411695,0.41666666666666563,0.45238095238095744
0.7328866316520548,0.5957099357180229,0.7058823529411695,0.41666666666666563,0.45238095238095744
0.7328866316520548,0.5957099357180229,0.7058823529411695,0.41666666666666563,0.45238095238095744
0.7328866316520548,0.5957099357180229,0.7058823529411695,0.41666666666666563,0.45238095238095744
0.8316336588505902,0.8039166207677062,0.647058823529389,0.2083333333333317,0.4047619047618882
0.8316336588505902,0.8039166207677062,0.647058823529389,0.2083333333333317,0.4047619047618882
0.8316336588505902,0.8039166207677062,0.647058823529389,0.2083333333333317,0.4047619047618882
0.8316336588505902,0.8039166207677062,0.647058823529389,0.2083333333333317,0.4047619047618882
0.8316336588505902,0.8039166207677062,0.647058823529389,0.2083333333333317,0.4047619047618882
0.8316336588505902,0.8039166207677062,0.647058823529389,0.2083333333333317,0.4047619047618882
0.8316336588505902,0.8039166207677062,0.647058823529389,0.2083333333333317,0.4047619047618882
0.8316336588505902,0.8039166207677062,0.647058823529389,0.2083333333333317,0.4047619047618882
0.8316336588505902,0.8039166207677062,0.647058823529389,0.2083333333333317,0.4047619047618882
0.8316336588505902,0.8039166207677062,0.647058823529389,0.2083333333333317,0.4047619047618882
0.6223914148638894,0.8039166207677062,0.17647058823529216,0.20833333333333393,0.2619047619047339
0.6223914148638894,0.8039166207677062,0.17647058823529216,0.20833333333333393,0.2619047619047339
0.6223914148638894,0.8039166207677062,0.17647058823529216,0.20833333333333393,0.2619047619047339
0.6223914148638894,0.5560167716601785,0.17647058823529216,0.20833333333333393,0.2619047619047339
0.6223914148638894,0.5560167716601785,0.17647058823529216,0.20833333333333393,0.2619047619047339
0.6223914148638894,0.5560167716601785,0.17647058823529216,0.20833333333333393,0.2619047619047339
0.6223914148638894,0.5560167716601785,0.17647058823529216,0.20833333333333393,0.2619047619047339
0.6223914148638894,0.5560167716601785,0.17647058823529216,0.20833333333333393,0.2619047619047339
0.6223914148638894,0.5560167716601785,0.17647058823529216,0.20833333333333393,0.2619047619047339
0.6223914148638894,0.5560167716601785,0.17647058823529216,0.20833333333333393,0.2619047619047339
0.6223914148638894,0.5560167716601785,0.17647058823529216,0.20833333333333393,0.2619047619047339
0.6223914148638894,0.5560167716601785,0.17647058823529216,0.20833333333333393,0.2619047619047339
0.6223914148638894,0.5560167716601785,0.17647058823529216,0.20833333333333393,0.2619047619047339
0.6223914148638894,0.5560167716601785,0.17647058823529216,0.20833333333333393,0.2619047619047339
0.6223914148638894,0.5560167716601785,0.17647058823529216,0.20833333333333393,0.2619047619047339
0.6223914148638894,0.5560167716601785,0.17647058823529216,0.20833333333333393,0.2619047619047339
0.6223914148638894,0.5560167716601785,0.23529411764705666,0.2083333333333317,0.16666666666664876
0.8546941441474969,0.5560167716601785,0.2941176470588207,0.1666666666666714,0.30952380952377645
0.8546941441474969,0.5560167716601785,0.2941176470588207,0.1666666666666714,0.30952380952377645
0.8546941441474969,0.5560167716601785,0.2941176470588207,0.1666666666666714,0.30952380952377645
0.8546941441474969,0.36732032117660074,0.2941176470588207,0.1666666666666714,0.30952380952377645
0.8546941441474969,0.36732032117660074,0.2941176470588207,0.1666666666666714,0.30952380952377645
0.8546941441474969,0.36732032117660074,0.2941176470588207,0.1666666666666714,0.30952380952377645
0.8546941441474969,0.36732032117660074,0.2941176470588207,0.1666666666666714,0.30952380952377645
0.8546941441474969,0.36732032117660074,0.2941176470588207,0.1666666666666714,0.30952380952377645
0.8546941441474969,0.36732032117660074,0.2941176470588207,0.1666666666666714,0.30952380952377645
0.8546941441474969,0.36732032117660074,0.2941176470588207,0.1666666666666714,0.30952380952377645
0.7561140573270224,0.36732032117660074,0.7058823529411695,0.2916666666666652,0.33333333333329795
0.7561140573270224,0.3628443807039101,0.7058823529411695,0.2916666666666652,0.33333333333329795
0.7561140573270224,0.3628443807039101,0.7058823529411695,0.2916666666666652,0.33333333333329795
0.7561140573270224,0.3628443807039101,0.7058823529411695,0.2916666666666652,0.33333333333329795
0.7561140573270224,0.3628443807039101,0.7058823529411695,0.2916666666666652,0.33333333333329795
0.7561140573270224,0.3628443807039101,0.7058823529411695,0.2916666666666652,0.33333333333329795
0.7561140573270224,0.3628443807039101,0.7058823529411695,0.2916666666666652,0.33333333333329795
0.7561140573270224,0.3628443807039101,0.7058823529411695,0.2916666666666652,0.33333333333329795
0.7561140573270224,0.3628443807039101,0.7058823529411695,0.2916666666666652,0.33333333333329795
0.7561140573270224,0.3628443807039101,0.7058823529411695,0.2916666666666652,0.33333333333329795
0.7561140573270224,0.3628443807039101,0.7058823529411695,0.2916666666666652,0.33333333333329795
0.7561140573270224,0.3628443807039101,0.7058823529411695,0.2916666666666652,0.33333333333329795
0.7561140573270224,0.3628443807039101,0.7058823529411695,0.2916666666666652,0.33333333333329795
0.7561140573270224,0.3628443807039101,0.7058823529411695,0.2916666666666652,0.33333333333329795
0.7561140573270224,0.3628443807039101,0.7058823529411695,0.2916666666666652,0.33333333333329795
0.7561140573270224,0.3628443807039101,0.7058823529411695,0.2916666666666652,0.33333333333329795
0.745155678991277,0.3628443807039101,0.3529411764705843,0.2916666666666652,0.4761904761904785
0.745155678991277,0.3628443807039101,0.3529411764705843,0.2916666666666652,0.4761904761904785
0.745155678991277,0.3628443807039101,0.3529411764705843,0.2916666666666652,0.4761904761904785
0.745155678991277,0.28189225977059396,0.3529411764705843,0.2916666666666652,0.4761904761904785
0.745155678991277,0.28189225977059396,0.3529411764705843,0.2916666666666652,0.4761904761904785
0.745155678991277,0.28189225977059396,0.3529411764705843,0.2916666666666652,0.4761904761904785
0.745155678991277,0.28189225977059396,0.3529411764705843,0.2916666666666652,0.4761904761904785
0.745155678991277,0.28189225977059396,0.3529411764705843,0.2916666666666652,0.4761904761904785
0.7339370862030101,0.13971543482397264,0.3529411764705688,0.04166666666666208,0.07142857142856363
0.7339370862030101,0.13971543482397264,0.3529411764705688,0.04166666666666208,0.07142857142856363
0.7339370862030101,0.13971543482397264,0.3529411764705688,0.04166666666666208,0.07142857142856363
0.7339370862030101,0.13971543482397264,0.3529411764705688,0.04166666666666208,0.07142857142856363
0.7339370862030101,0.13971543482397264,0.3529411764705688,0.04166666666666208,0.07142857142856363
0.7339370862030101,0.13971543482397264,0.3529411764705688,0.04166666666666208,0.07142857142856363
0.7339370862030101,0.13971543482397264,0.3529411764705688,0.04166666666666208,0.07142857142856363
0.7339370862030101,0.13971543482397264,0.3529411764705688,0.04166666666666208,0.07142857142856363
0.7339370862030101,0.13971543482397264,0.3529411764705688,0.04166666666666208,0.07142857142856363
0.7339370862030101,0.13971543482397264,0.23529411764705355,0.0,0.07142857142856363
0.8209354063072194,0.39334296082284625,0.647058823529389,0.45833333333333215,0.42857142857140973
0.8209354063072194,0.39334296082284625,0.647058823529389,0.45833333333333215,0.42857142857140973
0.8209354063072194,0.39334296082284625,0.647058823529389,0.45833333333333215,0.42857142857140973
0.8209354063072194,0.39334296082284625,0.647058823529389,0.45833333333333215,0.42857142857140973
0.8209354063072194,0.39334296082284625,0.647058823529389,0.45833333333333215,0.42857142857140973
0.8209354063072194,0.39334296082284625,0.647058823529389,0.45833333333333215,0.4761904761904785
0.8209354063072194,0.39334296082284625,0.647058823529389,0.45833333333333215,0.4761904761904785
0.8209354063072194,0.39334296082284625,0.647058823529389,0.45833333333333215,0.4761904761904785
0.8209354063072194,0.39334296082284625,0.647058823529389,0.45833333333333215,0.4761904761904785
0.8209354063072194,0.39334296082284625,0.647058823529389,0.45833333333333215,0.4761904761904785
0.8209354063072194,0.39334296082284625,0.7058823529411793,0.6666666666666656,0.5238095238095211
0.8209354063072194,0.39334296082284625,0.7058823529411793,0.6666666666666656,0.5238095238095211
0.638319219536231,0.5549568167866465,0.3529411764705688,0.1666666666666652,0.11904761904760619
0.638319219536231,0.5549568167866465,0.3529411764705688,0.1666666666666652,0.11904761904760619
0.638319219536231,0.5549568167866465,0.3529411764705688,0.1666666666666652,0.11904761904760619
0.638319219536231,0.5549568167866465,0.3529411764705688,0.1666666666666652,0.11904761904760619
0.638319219536231,0.5549568167866465,0.3529411764705688,0.1666666666666652,0.11904761904760619
0.638319219536231,0.5549568167866465,0.3529411764705688,0.1666666666666652,0.11904761904760619
0.638319219536231,0.5549568167866465,0.3529411764705688,0.1666666666666652,0.11904761904760619
0.638319219536231,0.5549568167866465,0.3529411764705688,0.1666666666666652,0.11904761904760619
0.638319219536231,0.5549568167866465,0.3529411764705688,0.1666666666666652,0.11904761904760619
0.638319219536231,0.5549568167866465,0.3529411764705688,0.1666666666666652,0.11904761904760619
0.638319219536231,0.5549568167866465,0.5882352941176316,0.1666666666666652,0.23809523809521282
0.638319219536231,0.5549568167866465,0.5882352941176316,0.1666666666666652,0.23809523809521282
0.5758569255819053,0.528782327254139,0.3529411764705843,0.2916666666666652,0.23809523809521282
0.5758569255819053,0.528782327254139,0.3529411764705843,0.2916666666666652,0.23809523809521282
0.5758569255819053,0.528782327254139,0.3529411764705843,0.2916666666666652,0.23809523809521282
0.5758569255819053,0.528782327254139,0.3529411764705843,0.2916666666666652,0.23809523809521282
0.5758569255819053,0.528782327254139,0.3529411764705843,0.2916666666666652,0.23809523809521282
0.5758569255819053,0.528782327254139,0.3529411764705843,0.2916666666666652,0.23809523809521282
0.5758569255819053,0.528782327254139,0.3529411764705843,0.2916666666666652,0.23809523809521282
0.5758569255819053,0.528782327254139,0.3529411764705843,0.2916666666666652,0.23809523809521282
0.5758569255819053,0.528782327254139,0.3529411764705843,0.2916666666666652,0.23809523809521282
0.5758569255819053,0.528782327254139,0.3529411764705843,0.2916666666666652,0.23809523809521282
0.5758569255819053,0.528782327254139,0.3529411764705843,0.2916666666666652,0.23809523809521282
0.5758569255819053,0.528782327254139,0.3529411764705843,0.2916666666666652,0.23809523809521282
0.5758569255819053,0.528782327254139,0.3529411764705843,0.2916666666666652,0.23809523809521282
0.7827220842023035,0.528782327254139,0.9411764705882248,0.41666666666666563,0.5714285714285636
0.7827220842023035,0.4834794360080381,0.9411764705882248,0.41666666666666563,0.5714285714285636
0.7827220842023035,0.4834794360080381,0.9411764705882248,0.41666666666666563,0.5714285714285636
0.7827220842023035,0.4834794360080381,0.9411764705882248,0.41666666666666563,0.5714285714285636
0.7827220842023035,0.4834794360080381,0.9411764705882248,0.41666666666666563,0.5714285714285636
0.7827220842023035,0.4834794360080381,0.9411764705882248,0.41666666666666563,0.5714285714285636
0.7827220842023035,0.4834794360080381,0.9411764705882248,0.41666666666666563,0.5714285714285636
0.7827220842023035,0.4834794360080381,0.9411764705882248,0.41666666666666563,0.5714285714285636
0.7827220842023035,0.4834794360080381,0.9411764705882248,0.41666666666666563,0.5714285714285636
0.7827220842023035,0.4834794360080381,0.9411764705882248,0.41666666666666563,0.5714285714285636
0.6730093855271688,0.4834794360080381,0.23529411764705666,0.24999999999999822,0.16666666666664876
0.6525703889370211,0.4066329798495021,0.23529411764705666,0.24999999999999822,0.16666666666664876
0.6525703889370211,0.4066329798495021,0.23529411764705666,0.24999999999999822,0.16666666666664876
0.6525703889370211,0.4066329798495021,0.23529411764705666,0.24999999999999822,0.16666666666664876
0.6525703889370211,0.4066329798495021,0.23529411764705666,0.24999999999999822,0.16666666666664876
0.6525703889370211,0.4066329798495021,0.23529411764705666,0.24999999999999822,0.16666666666664876
0.6525703889370211,0.4066329798495021,0.23529411764705666,0.24999999999999822,0.16666666666664876
0.6525703889370211,0.4066329798495021,0.23529411764705666,0.24999999999999822,0.16666666666664876
0.6525703889370211,0.4066329798495021,0.29411764705881094,0.24999999999999822,0.16666666666664876
0.6525703889370211,0.4066329798495021,0.29411764705881094,0.24999999999999822,0.16666666666664876
0.6525703889370211,0.4066329798495021,0.29411764705881094,0.24999999999999822,0.16666666666664876
0.6525703889370211,0.4066329798495021,0.0,0.2083333333333317,0.16666666666664876
0.6525703889370211,0.4066329798495021,0.0,0.2083333333333317,0.16666666666664876
0.9256249546046424,0.7977479749449645,0.5294117647058743,0.2083333333333317,0.2857142857142554
0.9256249546046424,0.7977479749449645,0.5294117647058743,0.2083333333333317,0.2857142857142554
0.9256249546046424,0.7977479749449645,0.5294117647058743,0.2083333333333317,0.2857142857142554
0.9256249546046424,0.7977479749449645,0.5294117647058743,0.2083333333333317,0.2857142857142554
0.9256249546046424,0.7977479749449645,0.5294117647058743,0.2083333333333317,0.2857142857142554
0.9256249546046424,0.7977479749449645,0.5294117647058743,0.2083333333333317,0.2857142857142554
0.9256249546046424,0.7977479749449645,0.5294117647058743,0.2083333333333317,0.2857142857142554
0.9256249546046424,0.7977479749449645,0.5294117647058743,0.2083333333333317,0.2857142857142554
0.9256249546046424,0.7977479749449645,0.5294117647058743,0.2083333333333317,0.2857142857142554
0.9256249546046424,0.7977479749449645,0.4705882352941124,0.12499999999999822,0.2857142857142816
0.9256249546046424,0.7977479749449645,0.4705882352941124,0.12499999999999822,0.2857142857142816
0.9727486997656172,0.6573235368683394,0.3529411764705843,0.2916666666666652,0.42857142857140973
0.9727486997656172,0.6573235368683394,0.3529411764705843,0.2916666666666652,0.42857142857140973
0.9727486997656172,0.6573235368683394,0.3529411764705843,0.2916666666666652,0.42857142857140973
0.9727486997656172,0.6573235368683394,0.3529411764705843,0.2916666666666652,0.42857142857140973
0.9727486997656172,0.6573235368683394,0.3529411764705843,0.2916666666666652,0.42857142857140973
0.9727486997656172,0.6573235368683394,0.47058823529411686,0.3333333333333317,0.4761904761904523
0.9727486997656172,0.6573235368683394,0.47058823529411686,0.3333333333333317,0.4761904761904523
0.9727486997656172,0.6573235368683394,0.47058823529411686,0.3333333333333317,0.4761904761904523
0.9727486997656172,0.6573235368683394,0.47058823529411686,0.3333333333333317,0.4761904761904523
0.9727486997656172,0.6573235368683394,0.47058823529411686,0.3333333333333317,0.4761904761904523
0.9727486997656172,0.6573235368683394,0.47058823529411686,0.6249999999999991,0.5238095238095211
0.9812166595295961,0.4963007015228498,0.5882352941176405,0.5416666666666656,0.5238095238095211
0.9812166595295961,0.4963007015228498,0.5882352941176405,0.5416666666666656,0.5238095238095211
0.9812166595295961,0.4963007015228498,0.5882352941176405,0.5416666666666656,0.5238095238095211
0.9812166595295961,0.4963007015228498,0.5882352941176405,0.5416666666666656,0.5238095238095211
0.9812166595295961,0.4963007015228498,0.5882352941176405,0.5416666666666656,0.5238095238095211
0.9812166595295961,0.4963007015228498,0.5882352941176405,0.5416666666666656,0.5238095238095211
0.9812166595295961,0.4963007015228498,0.5882352941176405,0.5416666666666656,0.5238095238095211
0.9812166595295961,0.4963007015228498,0.5882352941176405,0.5416666666666656,0.5238095238095211
0.9812166595295961,0.4963007015228498,0.5882352941176405,0.5416666666666656,0.5238095238095211
0.9812166595295961,0.4963007015228498,0.5882352941176405,0.5416666666666656,0.5238095238095211
0.9812166595295961,0.4963007015228498,0.5882352941176405,0.5416666666666656,0.5238095238095211
0.9812166595295961,0.4963007015228498,0.5882352941176405,0.5416666666666656,0.5238095238095211
0.9245195335062109,0.4963007015228498,0.23529411764705355,0.1666666666666652,0.16666666666664876
0.9245195335062109,0.6935806147617973,0.23529411764705355,0.1666666666666652,0.16666666666664876
0.9245195335062109,0.6935806147617973,0.23529411764705355,0.1666666666666652,0.16666666666664876
0.9245195335062109,0.6935806147617973,0.23529411764705355,0.1666666666666652,0.16666666666664876
0.9245195335062109,0.6935806147617973,0.23529411764705355,0.1666666666666652,0.16666666666664876
0.9245195335062109,0.6935806147617973,0.23529411764705355,0.1666666666666652,0.16666666666664876
0.9245195335062109,0.6935806147617973,0.23529411764705355,0.1666666666666652,0.16666666666664876
0.9245195335062109,0.6935806147617973,0.23529411764705355,0.1666666666666652,0.16666666666664876
0.9245195335062109,0.6935806147617973,0.23529411764705355,0.1666666666666652,0.16666666666664876
0.9245195335062109,0.6935806147617973,0.23529411764705355,0.1666666666666652,0.16666666666664876
0.9245195335062109,0.6935806147617973,0.23529411764705355,0.1666666666666652,0.16666666666664876
0.9245195335062109,0.6935806147617973,0.2745098039215583,0.24999999999999822,0.2857142857142554
0.7596982218110142,0.8000688338261868,0.058823529411748066,0.12499999999999822,0.0
0.7596982218110142,0.8000688338261868,0.058823529411748066,0.12499999999999822,0.0
0.7596982218110142,0.8000688338261868,0.058823529411748066,0.12499999999999822,0.0
0.7596982218110142,0.8000688338261868,0.058823529411748066,0.12499999999999822,0.0
0.7596982218110142,0.8000688338261868,0.058823529411748066,0.12499999999999822,0.0
0.7596982218110142,0.8000688338261868,0.058823529411748066,0.12499999999999822,0.0
0.7596982218110142,0.8000688338261868,0.058823529411748066,0.12499999999999822,0.0
0.7596982218110142,0.8000688338261868,0.058823529411748066,0.12499999999999822,0.0
0.7596982218110142,0.8000688338261868,0.058823529411748066,0.12499999999999822,0.0
0.7596982218110142,0.8000688338261868,0.058823529411748066,0.12499999999999822,0.0
0.7596982218110142,0.8000688338261868,0.058823529411748066,0.12499999999999822,0.0
0.7596982218110142,0.8000688338261868,0.29411764705881094,0.20833333333333393,0.2619047619047339
1.0,0.7250827902093806,0.29411764705881094,0.20833333333333393,0.2619047619047339
1.0,0.7250827902093806,0.29411764705881094,0.20833333333333393,0.2619047619047339
1.0,0.7250827902093806,0.29411764705881094,0.20833333333333393,0.2619047619047339
1.0,0.7250827902093806,0.29411764705881094,0.20833333333333393,0.2619047619047339
1.0,0.7250827902093806,0.29411764705881094,0.20833333333333393,0.2619047619047339
1.0,0.7250827902093806,0.29411764705881094,0.20833333333333393,0.2619047619047339
0.7377389258682365,0.9999999999999996,0.0,0.20833333333333393,0.23809523809521282
0.7377389258682365,0.9999999999999996,0.0,0.20833333333333393,0.23809523809521282
0.7377389258682365,0.9999999999999996,0.0,0.20833333333333393,0.23809523809521282
0.7377389258682365,0.9999999999999996,0.0,0.20833333333333393,0.23809523809521282
0.7377389258682365,0.9999999999999996,0.0,0.20833333333333393,0.23809523809521282
0.7377389258682365,0.9999999999999996,0.0,0.20833333333333393,0.23809523809521282
0.7377389258682365,0.9999999999999996,0.0,0.20833333333333393,0.23809523809521282
0.7377389258682365,0.9999999999999996,0.0,0.20833333333333393,0.23809523809521282
0.7377389258682365,0.9999999999999996,0.0,0.20833333333333393,0.23809523809521282
0.24044881667411921,0.8478024959976236,0.4117647058823488,0.4166666666666674,0.30952380952377645
0.24044881667411921,0.8478024959976236,0.4117647058823488,0.4166666666666674,0.30952380952377645
0.24044881667411921,0.8478024959976236,0.4117647058823488,0.4166666666666674,0.30952380952377645
0.24044881667411921,0.8478024959976236,0.4117647058823488,0.4166666666666674,0.30952380952377645
0.24044881667411921,0.5219166015109913,0.4117647058823488,0.4166666666666674,0.30952380952377645
0.24044881667411921,0.5219166015109913,0.4117647058823488,0.4166666666666674,0.30952380952377645
0.24044881667411921,0.5219166015109913,0.4117647058823488,0.4166666666666674,0.30952380952377645
0.24044881667411921,0.5219166015109913,0.4117647058823488,0.4166666666666674,0.30952380952377645
0.24044881667411921,0.5219166015109913,0.4117647058823488,0.4166666666666674,0.30952380952377645
0.24044881667411921,0.5219166015109913,0.4117647058823488,0.4166666666666674,0.30952380952377645
0.24044881667411921,0.5219166015109913,0.4117647058823488,0.4166666666666674,0.30952380952377645
0.15487655913919252,0.5219166015109913,0.647058823529389,0.37499999999999867,0.4761904761904785
0.15487655913919252,0.6564606990017325,0.647058823529389,0.37499999999999867,0.4761904761904785
0.15487655913919252,0.6564606990017325,0.647058823529389,0.37499999999999867,0.4761904761904785
0.15487655913919252,0.6564606990017325,0.647058823529389,0.37499999999999867,0.4761904761904785
0.15487655913919252,0.6564606990017325,0.647058823529389,0.37499999999999867,0.4761904761904785
0.15487655913919252,0.6564606990017325,0.647058823529389,0.37499999999999867,0.4761904761904785
0.15487655913919252,0.6564606990017325,0.647058823529389,0.37499999999999867,0.4761904761904785
0.15487655913919252,0.6564606990017325,0.647058823529389,0.37499999999999867,0.4761904761904785
0.15487655913919252,0.6564606990017325,0.647058823529389,0.37499999999999867,0.4761904761904785
0.15487655913919252,0.6564606990017325,0.647058823529389,0.37499999999999867,0.4761904761904785
0.15487655913919252,0.6564606990017325,0.647058823529389,0.37499999999999867,0.4761904761904785
0.15487655913919252,0.6564606990017325,0.647058823529389,0.37499999999999867,0.4761904761904785
0.15487655913919252,0.6564606990017325,0.647058823529389,0.37499999999999867,0.4761904761904785
0.3038870629888688,0.6564606990017325,0.3529411764705688,0.249999999999996,0.45238095238095744
0.3038870629888688,0.639410974610136,0.3529411764705688,0.249999999999996,0.45238095238095744
0.3038870629888688,0.639410974610136,0.3529411764705688,0.249999999999996,0.45238095238095744
0.3038870629888688,0.639410974610136,0.3529411764705688,0.249999999999996,0.45238095238095744
0.3038870629888688,0.639410974610136,0.3529411764705688,0.249999999999996,0.45238095238095744
0.3038870629888688,0.639410974610136,0.3529411764705688,0.249999999999996,0.45238095238095744
0.3038870629888688,0.639410974610136,0.3529411764705688,0.249999999999996,0.45238095238095744
0.3038870629888688,0.639410974610136,0.3529411764705688,0.249999999999996,0.45238095238095744
0.3038870629888688,0.639410974610136,0.3529411764705688,0.249999999999996,0.45238095238095744
0.3038870629888688,0.639410974610136,0.3529411764705688,0.249999999999996,0.45238095238095744
0.3038870629888688,0.639410974610136,0.3529411764705688,0.249999999999996,0.45238095238095744
0.3038870629888688,0.639410974610136,0.3529411764705688,0.249999999999996,0.45238095238095744
0.3038870629888688,0.639410974610136,0.3529411764705688,0.249999999999996,0.45238095238095744
0.3038870629888688,0.639410974610136,0.3529411764705688,0.249999999999996,0.45238095238095744
0.3038870629888688,0.639410974610136,0.3529411764705688,0.249999999999996,0.45238095238095744
0.3038870629888688,0.639410974610136,0.3529411764705688,0.249999999999996,0.45238095238095744
0.3038870629888688,0.639410974610136,0.3529411764705843,0.33333333333334325,0.33333333333329795
0.5215447517816401,0.5910457912640026,0.647058823529389,0.33333333333334325,0.35714285714284566
0.5215447517816401,0.5910457912640026,0.647058823529389,0.33333333333334325,0.35714285714284566
0.5215447517816401,0.5910457912640026,0.647058823529389,0.33333333333334325,0.35714285714284566
0.5215447517816401,0.5910457912640026,0.647058823529389,0.33333333333334325,0.35714285714284566
0.5215447517816401,0.5910457912640026,0.7058823529411695,0.37500000000000533,0.45238095238095744
0.5215447517816401,0.5910457912640026,0.7058823529411695,0.37500000000000533,0.45238095238095744
0.5215447517816401,0.5910457912640026,0.7058823529411695,0.37500000000000533,0.45238095238095744
0.5215447517816401,0.5910457912640026,0.7058823529411695,0.37500000000000533,0.45238095238095744
0.44962940745576496,0.5910457912640026,0.647058823529389,0.41666666666666563,0.23809523809521282
0.3216887834765467,0.22764691411822557,0.647058823529389,0.41666666666666563,0.2857142857142554
0.3216887834765467,0.22764691411822557,0.647058823529389,0.41666666666666563,0.2857142857142554
0.3216887834765467,0.22764691411822557,0.647058823529389,0.41666666666666563,0.2857142857142554
0.3216887834765467,0.22764691411822557,0.647058823529389,0.41666666666666563,0.2857142857142554
0.3216887834765467,0.22764691411822557,0.647058823529389,0.45833333333332993,0.4761904761904523
0.3216887834765467,0.22764691411822557,0.647058823529389,0.45833333333332993,0.4761904761904523
0.3216887834765467,0.22764691411822557,0.647058823529389,0.45833333333332993,0.4761904761904523
0.3216887834765467,0.22764691411822557,0.647058823529389,0.45833333333332993,0.4761904761904523
0.3216887834765467,0.22764691411822557,0.647058823529389,0.45833333333332993,0.4761904761904523
0.3216887834765467,0.22764691411822557,0.647058823529389,0.45833333333332993,0.4761904761904523
0.3216887834765467,0.22764691411822557,0.647058823529389,0.45833333333332993,0.4761904761904523
0.3216887834765467,0.22764691411822557,0.647058823529389,0.45833333333332993,0.4761904761904523
0.3216887834765467,0.22764691411822557,0.647058823529389,0.45833333333332993,0.4761904761904523
0.3216887834765467,0.22764691411822557,0.647058823529389,0.45833333333332993,0.4761904761904523
0.3216887834765467,0.22764691411822557,0.647058823529389,0.45833333333332993,0.4761904761904523
0.3216887834765467,0.22764691411822557,0.647058823529389,0.45833333333332993,0.4761904761904523
0.3216887834765467,0.22764691411822557,0.647058823529389,0.45833333333332993,0.4761904761904523
0.3216887834765467,0.22764691411822557,0.647058823529389,0.45833333333332993,0.4761904761904523
0.3216887834765467,0.22764691411822557,0.647058823529389,0.45833333333332993,0.4761904761904523
0.3216887834765467,0.22764691411822557,0.647058823529389,0.45833333333332993,0.4761904761904523
0.3216887834765467,0.22764691411822557,0.647058823529389,0.45833333333332993,0.4761904761904523
0.3216887834765467,0.22764691411822557,0.647058823529389,0.45833333333332993,0.4761904761904523
0.3216887834765467,0.22764691411822557,0.647058823529389,0.45833333333332993,0.4761904761904523
0.3216887834765467,0.22764691411822557,0.647058823529389,0.45833333333332993,0.4761904761904523
0.3216887834765467,0.22764691411822557,0.647058823529389,0.45833333333332993,0.4761904761904523
0.3216887834765467,0.22764691411822557,0.647058823529389,0.45833333333332993,0.4761904761904523
0.3216887834765467,0.22764691411822557,0.4117647058823586,0.41666666666666563,0.23809523809521282
0.3216887834765467,0.22764691411822557,0.4117647058823586,0.41666666666666563,0.23809523809521282
0.4998603963580548,0.5014715829740952,0.5882352941176316,0.2916666666666581,0.4761904761904785
0.4998603963580548,0.5014715829740952,0.5882352941176316,0.2916666666666581,0.4761904761904785
0.4998603963580548,0.5014715829740952,0.5882352941176316,0.2916666666666581,0.4761904761904785
0.4998603963580548,0.5014715829740952,0.5882352941176316,0.2916666666666581,0.4761904761904785
0.4998603963580548,0.5014715829740952,0.5882352941176316,0.2916666666666581,0.4761904761904785
