ds,y,T1,T2,probMeas0Prep1,probMeas1Prep0
2024-02-27 19:38:28,0.04070052493438319,283.059794451386,169.04358583218928,0.04175380577427821,0.039647244094488186
2024-02-27 19:39:59,0.04070052493438319,283.059794451386,169.04358583218928,0.04175380577427821,0.039647244094488186
2024-02-27 21:40:20,0.04075301837270341,283.059794451386,169.04358583218928,0.0416488188976378,0.039857217847769015
2024-02-27 23:40:40,0.04075301837270341,283.059794451386,169.04358583218928,0.0416488188976378,0.039857217847769015
2024-02-28 01:41:00,0.040700524934383205,283.059794451386,169.04358583218928,0.04191128608923885,0.03948976377952756
2024-02-28 03:41:21,0.040700524934383205,283.059794451386,169.04358583218928,0.04191128608923885,0.03948976377952756
2024-02-28 05:41:40,0.040700524934383205,283.059794451386,169.04358583218928,0.04191128608923885,0.03948976377952756
2024-02-28 07:42:00,0.040700524934383205,283.059794451386,169.04358583218928,0.04191128608923885,0.03948976377952756
2024-02-28 09:42:19,0.040700524934383205,283.059794451386,169.04358583218928,0.04191128608923885,0.03948976377952756
2024-02-28 11:42:43,0.04095905511811024,280.99554614525425,162.53875319293655,0.04236692913385826,0.03955118110236221
2024-02-28 13:43:03,0.041937795275590564,280.99554614525425,162.53875319293655,0.04284619422572177,0.04102939632545932
2024-02-28 15:43:25,0.041937795275590564,280.99554614525425,162.53875319293655,0.04284619422572177,0.04102939632545932
2024-02-28 17:43:47,0.041937795275590564,280.99554614525425,162.53875319293655,0.04284619422572177,0.04102939632545932
2024-02-28 19:44:09,0.041937795275590564,280.99554614525425,162.53875319293655,0.04284619422572177,0.04102939632545932
2024-02-28 21:44:31,0.041937795275590564,280.99554614525425,162.53875319293655,0.04284619422572177,0.04102939632545932
2024-02-28 23:44:51,0.041937795275590564,280.99554614525425,162.53875319293655,0.04284619422572177,0.04102939632545932
2024-02-29 01:45:11,0.041937795275590564,280.99554614525425,162.53875319293655,0.04284619422572177,0.04102939632545932
2024-02-29 03:45:34,0.041937795275590564,280.99554614525425,162.53875319293655,0.04284619422572177,0.04102939632545932
2024-02-29 05:45:56,0.041937795275590564,280.99554614525425,162.53875319293655,0.04284619422572177,0.04102939632545932
2024-02-29 07:46:18,0.041937795275590564,280.99554614525425,162.53875319293655,0.04284619422572177,0.04102939632545932
2024-02-29 09:46:41,0.041937795275590564,280.99554614525425,162.53875319293655,0.04284619422572177,0.04102939632545932
2024-02-29 11:47:04,0.041937795275590564,280.99554614525425,162.53875319293655,0.04284619422572177,0.04102939632545932
2024-02-29 13:47:27,0.041937795275590564,280.99554614525425,162.53875319293655,0.04284619422572177,0.04102939632545932
2024-02-29 15:47:54,0.041937795275590564,280.99554614525425,162.53875319293655,0.04284619422572177,0.04102939632545932
2024-02-29 17:48:17,0.041937795275590564,280.99554614525425,162.53875319293655,0.04284619422572177,0.04102939632545932
2024-02-29 19:48:40,0.04405328083989503,280.99554614525425,162.53875319293655,0.04438425196850393,0.04372230971128608
2024-02-29 21:49:02,0.04405328083989503,280.99554614525425,162.53875319293655,0.04438425196850393,0.04372230971128608
2024-02-29 23:49:26,0.04428950131233598,280.99554614525425,162.53875319293655,0.044699212598425186,0.04387979002624671
2024-03-01 01:49:46,0.04409265091863519,280.99554614525425,162.53875319293655,0.04464671916010498,0.043538582677165344
2024-03-01 03:50:10,0.04409265091863519,280.99554614525425,162.53875319293655,0.04464671916010498,0.043538582677165344
2024-03-01 05:50:35,0.04409265091863519,280.99554614525425,162.53875319293655,0.04464671916010498,0.043538582677165344
2024-03-01 07:50:56,0.04432887139107613,280.99554614525425,162.53875319293655,0.044462992125984244,0.04419475065616798
2024-03-01 09:51:20,0.04432887139107613,280.99554614525425,162.53875319293655,0.044462992125984244,0.04419475065616798
2024-03-01 11:51:40,0.04432887139107613,280.99554614525425,162.53875319293655,0.044462992125984244,0.04419475065616798
2024-03-01 13:52:00,0.04432887139107613,280.99554614525425,162.53875319293655,0.044462992125984244,0.04419475065616798
2024-03-01 15:52:25,0.04432887139107613,280.99554614525425,162.53875319293655,0.044462992125984244,0.04419475065616798
2024-03-01 17:52:48,0.04432887139107613,280.99554614525425,162.53875319293655,0.044462992125984244,0.04419475065616798
2024-03-01 19:53:13,0.04432887139107613,280.99554614525425,162.53875319293655,0.044462992125984244,0.04419475065616798
2024-03-01 21:53:33,0.04432887139107613,280.99554614525425,162.53875319293655,0.044462992125984244,0.04419475065616798
2024-03-01 23:53:53,0.04432887139107613,280.99554614525425,162.53875319293655,0.044462992125984244,0.04419475065616798
2024-03-02 01:54:15,0.04432887139107613,280.99554614525425,162.53875319293655,0.044462992125984244,0.04419475065616798
2024-03-02 03:54:39,0.04432887139107613,280.99554614525425,162.53875319293655,0.044462992125984244,0.04419475065616798
2024-03-02 05:55:03,0.04432887139107613,280.99554614525425,162.53875319293655,0.044462992125984244,0.04419475065616798
2024-03-02 07:55:28,0.04432887139107613,280.99554614525425,162.53875319293655,0.044462992125984244,0.04419475065616798
2024-03-02 09:55:52,0.04432887139107613,280.99554614525425,162.53875319293655,0.044462992125984244,0.04419475065616798
2024-03-02 11:56:17,0.04432887139107613,280.99554614525425,162.53875319293655,0.044462992125984244,0.04419475065616798
2024-03-02 13:56:42,0.04290866141732284,280.99554614525425,162.53875319293655,0.04421574803149606,0.0416015748031496
2024-03-02 15:57:05,0.04290866141732284,278.39085594204624,161.77622780138415,0.04421574803149606,0.0416015748031496
2024-03-02 17:57:29,0.04290866141732284,278.39085594204624,161.77622780138415,0.04421574803149606,0.0416015748031496
2024-03-02 19:57:52,0.04290866141732284,278.39085594204624,161.77622780138415,0.04421574803149606,0.0416015748031496
2024-03-02 21:58:18,0.04290866141732284,278.39085594204624,161.77622780138415,0.04421574803149606,0.0416015748031496
2024-03-02 23:58:42,0.04290866141732284,278.39085594204624,161.77622780138415,0.04421574803149606,0.0416015748031496
2024-03-03 01:59:06,0.04290866141732284,278.39085594204624,161.77622780138415,0.04421574803149606,0.0416015748031496
2024-03-03 03:59:27,0.04290866141732284,278.39085594204624,161.77622780138415,0.04421574803149606,0.0416015748031496
2024-03-03 05:59:49,0.04290866141732284,278.39085594204624,161.77622780138415,0.04421574803149606,0.0416015748031496
2024-03-03 08:00:14,0.043393700787401596,278.39085594204624,161.77622780138415,0.04682362204724407,0.03996377952755904
2024-03-03 10:00:37,0.04335984251968505,272.02528235795637,155.57735938610847,0.046722834645669266,0.03999685039370078
2024-03-03 12:00:59,0.04335984251968505,272.02528235795637,155.57735938610847,0.046722834645669266,0.03999685039370078
2024-03-03 14:01:20,0.04335984251968505,272.02528235795637,155.57735938610847,0.046722834645669266,0.03999685039370078
2024-03-03 16:01:39,0.04335984251968505,272.02528235795637,155.57735938610847,0.046722834645669266,0.03999685039370078
2024-03-03 18:02:01,0.04335984251968505,272.02528235795637,155.57735938610847,0.046722834645669266,0.03999685039370078
2024-03-03 20:02:22,0.04335984251968505,272.02528235795637,155.57735938610847,0.046722834645669266,0.03999685039370078
2024-03-03 22:02:45,0.04335984251968505,272.02528235795637,155.57735938610847,0.046722834645669266,0.03999685039370078
2024-03-04 00:03:09,0.04335984251968505,272.02528235795637,155.57735938610847,0.046722834645669266,0.03999685039370078
2024-03-04 02:03:33,0.04335984251968505,272.02528235795637,155.57735938610847,0.046722834645669266,0.03999685039370078
2024-03-04 04:03:56,0.04335984251968505,272.02528235795637,155.57735938610847,0.046722834645669266,0.03999685039370078
2024-03-04 06:04:19,0.04335984251968505,272.02528235795637,155.57735938610847,0.046722834645669266,0.03999685039370078
2024-03-04 08:04:40,0.04268740157480314,272.02528235795637,155.57735938610847,0.047776377952755904,0.03764251968503936
2024-03-04 10:05:02,0.04289842519685039,275.79471543949967,152.02636469356756,0.04779370078740156,0.0380031496062992
2024-03-04 12:05:23,0.04289842519685039,275.79471543949967,152.02636469356756,0.04779370078740156,0.0380031496062992
2024-03-04 14:05:43,0.04289842519685039,275.79471543949967,152.02636469356756,0.04779370078740156,0.0380031496062992
2024-03-04 16:06:04,0.040699475065616796,275.79471543949967,152.02636469356756,0.04433228346456693,0.03706666666666666
2024-03-04 18:06:26,0.040699475065616796,275.79471543949967,152.02636469356756,0.04433228346456693,0.03706666666666666
2024-03-04 20:06:47,0.040699475065616796,275.79471543949967,152.02636469356756,0.04433228346456693,0.03706666666666666
2024-03-04 22:07:10,0.040699475065616796,275.79471543949967,152.02636469356756,0.04433228346456693,0.03706666666666666
2024-03-05 00:07:32,0.040699475065616796,275.79471543949967,152.02636469356756,0.04433228346456693,0.03706666666666666
2024-03-05 02:07:53,0.040699475065616796,275.79471543949967,152.02636469356756,0.04433228346456693,0.03706666666666666
2024-03-05 04:08:15,0.041554855643044605,275.79471543949967,152.02636469356756,0.04498162729658791,0.0381280839895013
2024-03-05 06:08:37,0.041554855643044605,275.79471543949967,152.02636469356756,0.04498162729658791,0.0381280839895013
2024-03-05 08:08:57,0.0431267716535433,275.79471543949967,152.02636469356756,0.04585669291338584,0.04040629921259843
2024-03-05 10:09:19,0.04305669291338581,274.2491332992369,155.19644332020266,0.04583307086614174,0.04028031496062993
2024-03-05 12:09:41,0.04305669291338581,274.2491332992369,155.19644332020266,0.04583307086614174,0.04028031496062993
2024-03-05 14:10:04,0.04305669291338581,274.2491332992369,155.19644332020266,0.04583307086614174,0.04028031496062993
2024-03-05 16:10:25,0.04305669291338581,274.2491332992369,155.19644332020266,0.04583307086614174,0.04028031496062993
2024-03-05 18:10:46,0.04305669291338581,274.2491332992369,155.19644332020266,0.04583307086614174,0.04028031496062993
2024-03-05 20:11:10,0.04305669291338581,274.2491332992369,155.19644332020266,0.04583307086614174,0.04028031496062993
2024-03-05 22:11:34,0.04305669291338581,274.2491332992369,155.19644332020266,0.04583307086614174,0.04028031496062993
2024-03-06 00:11:57,0.04305669291338581,274.2491332992369,155.19644332020266,0.04583307086614174,0.04028031496062993
2024-03-06 02:12:16,0.04305669291338581,274.2491332992369,155.19644332020266,0.04583307086614174,0.04028031496062993
2024-03-06 04:12:36,0.04305669291338581,274.2491332992369,155.19644332020266,0.04583307086614174,0.04028031496062993
2024-03-06 06:12:56,0.04305669291338581,274.2491332992369,155.19644332020266,0.04583307086614174,0.04028031496062993
2024-03-06 08:13:16,0.04249527559055118,266.791536251774,147.66150064850322,0.04458740157480315,0.04040314960629922
2024-03-06 10:13:35,0.04249527559055118,266.791536251774,147.66150064850322,0.04458740157480315,0.04040314960629922
2024-03-06 12:13:56,0.04249527559055118,266.791536251774,147.66150064850322,0.04458740157480315,0.04040314960629922
2024-03-06 14:14:16,0.04249527559055118,266.791536251774,147.66150064850322,0.04458740157480315,0.04040314960629922
2024-03-06 16:14:36,0.04249527559055118,266.791536251774,147.66150064850322,0.04458740157480315,0.04040314960629922
2024-03-06 18:14:56,0.04249527559055118,266.791536251774,147.66150064850322,0.04458740157480315,0.04040314960629922
2024-03-06 20:15:16,0.04249527559055118,266.791536251774,147.66150064850322,0.04458740157480315,0.04040314960629922
2024-03-06 22:15:37,0.04249527559055118,266.791536251774,147.66150064850322,0.04458740157480315,0.04040314960629922
2024-03-07 00:15:59,0.04249527559055118,266.791536251774,147.66150064850322,0.04458740157480315,0.04040314960629922
2024-03-07 02:16:19,0.04249527559055118,266.791536251774,147.66150064850322,0.04458740157480315,0.04040314960629922
2024-03-07 04:16:50,0.04249527559055118,266.791536251774,147.66150064850322,0.04458740157480315,0.04040314960629922
2024-03-07 06:17:13,0.04249527559055118,266.791536251774,147.66150064850322,0.04458740157480315,0.04040314960629922
2024-03-07 08:17:35,0.04249527559055118,266.791536251774,147.66150064850322,0.04458740157480315,0.04040314960629922
2024-03-08 09:09:44,0.04249527559055118,266.791536251774,147.66150064850322,0.04458740157480315,0.04040314960629922
2024-03-08 11:10:08,0.04249527559055118,266.791536251774,147.66150064850322,0.04458740157480315,0.04040314960629922
2024-03-08 13:10:30,0.04249527559055118,266.791536251774,147.66150064850322,0.04458740157480315,0.04040314960629922
2024-03-08 15:10:52,0.04249527559055118,266.791536251774,147.66150064850322,0.04458740157480315,0.04040314960629922
2024-03-08 17:11:14,0.04249527559055118,266.791536251774,147.66150064850322,0.04458740157480315,0.04040314960629922
2024-03-08 19:11:37,0.04249527559055118,266.791536251774,147.66150064850322,0.04458740157480315,0.04040314960629922
2024-03-08 21:12:01,0.04249527559055118,266.791536251774,147.66150064850322,0.04458740157480315,0.04040314960629922
2024-03-08 23:12:25,0.04249527559055118,266.791536251774,147.66150064850322,0.04458740157480315,0.04040314960629922
2024-03-09 01:12:47,0.04249527559055118,266.791536251774,147.66150064850322,0.04458740157480315,0.04040314960629922
2024-03-09 03:13:11,0.04249527559055118,266.791536251774,147.66150064850322,0.04458740157480315,0.04040314960629922
2024-03-09 05:13:35,0.04249527559055118,266.791536251774,147.66150064850322,0.04458740157480315,0.04040314960629922
2024-03-09 07:14:02,0.04249527559055118,266.791536251774,147.66150064850322,0.04458740157480315,0.04040314960629922
2024-03-09 09:14:26,0.040937795275590536,266.791536251774,147.66150064850322,0.042683464566929126,0.039192125984251966
2024-03-09 11:14:48,0.040937795275590536,271.3425623752832,162.6997554514088,0.042683464566929126,0.039192125984251966
2024-03-09 13:15:12,0.040937795275590536,271.3425623752832,162.6997554514088,0.042683464566929126,0.039192125984251966
2024-03-09 15:15:35,0.040937795275590536,271.3425623752832,162.6997554514088,0.042683464566929126,0.039192125984251966
2024-03-09 17:15:56,0.040937795275590536,271.3425623752832,162.6997554514088,0.042683464566929126,0.039192125984251966
2024-03-09 19:16:21,0.04128871391076114,271.3425623752832,162.6997554514088,0.04316220472440943,0.039415223097112866
2024-03-09 21:16:44,0.04128871391076114,271.3425623752832,162.6997554514088,0.04316220472440943,0.039415223097112866
2024-03-09 23:17:11,0.04128871391076114,271.3425623752832,162.6997554514088,0.04316220472440943,0.039415223097112866
2024-03-10 01:17:33,0.04128871391076114,271.3425623752832,162.6997554514088,0.04316220472440943,0.039415223097112866
2024-03-10 03:17:58,0.04128871391076114,271.3425623752832,162.6997554514088,0.04316220472440943,0.039415223097112866
2024-03-10 05:18:20,0.04128871391076114,271.3425623752832,162.6997554514088,0.04316220472440943,0.039415223097112866
2024-03-10 07:18:47,0.04128871391076114,271.3425623752832,162.6997554514088,0.04316220472440943,0.039415223097112866
2024-03-10 09:19:11,0.041152755905511804,274.00985382032417,162.8127583289866,0.04312125984251966,0.039184251968503954
2024-03-10 11:19:33,0.041152755905511804,274.00985382032417,162.8127583289866,0.04312125984251966,0.039184251968503954
2024-03-10 13:19:53,0.04229055118110236,274.00985382032417,162.8127583289866,0.04467664041994749,0.03990446194225722
2024-03-10 15:20:18,0.04229055118110236,274.00985382032417,162.8127583289866,0.04467664041994749,0.03990446194225722
2024-03-10 17:20:45,0.04229055118110236,274.00985382032417,162.8127583289866,0.04467664041994749,0.03990446194225722
2024-03-10 19:21:07,0.04229055118110236,274.00985382032417,162.8127583289866,0.04467664041994749,0.03990446194225722
2024-03-10 21:21:32,0.04229055118110236,274.00985382032417,162.8127583289866,0.04467664041994749,0.03990446194225722
2024-03-10 23:21:54,0.04273674540682416,274.00985382032417,162.8127583289866,0.044781627296587904,0.040691863517060375
2024-03-11 01:22:19,0.04273674540682416,274.00985382032417,162.8127583289866,0.044781627296587904,0.040691863517060375
2024-03-11 03:22:39,0.04273674540682416,274.00985382032417,162.8127583289866,0.044781627296587904,0.040691863517060375
2024-03-11 05:23:06,0.04260551181102363,274.00985382032417,162.8127583289866,0.04459790026246717,0.04061312335958006
2024-03-11 07:23:27,0.04260551181102363,274.00985382032417,162.8127583289866,0.04459790026246717,0.04061312335958006
2024-03-11 09:23:55,0.04017007874015748,276.4052860274477,168.61572532557014,0.0435763779527559,0.03676377952755906
2024-03-11 11:24:19,0.04075905511811025,276.4052860274477,168.61572532557014,0.04396902887139107,0.0375490813648294
2024-03-11 13:24:42,0.04075905511811025,276.4052860274477,168.61572532557014,0.04396902887139107,0.0375490813648294
2024-03-11 15:25:05,0.0407196850393701,276.4052860274477,168.61572532557014,0.04394278215223098,0.037496587926509194
2024-03-11 17:25:32,0.0407196850393701,276.4052860274477,168.61572532557014,0.04394278215223098,0.037496587926509194
2024-03-11 19:25:55,0.040745931758530196,276.4052860274477,168.61572532557014,0.04383779527559055,0.03765406824146981
2024-03-11 21:26:19,0.040745931758530196,276.4052860274477,168.61572532557014,0.04383779527559055,0.03765406824146981
2024-03-11 23:26:42,0.040588451443569554,276.4052860274477,168.61572532557014,0.04386404199475065,0.03731286089238846
2024-03-12 01:27:07,0.040588451443569554,276.4052860274477,168.61572532557014,0.04386404199475065,0.03731286089238846
2024-03-12 03:27:28,0.040588451443569554,276.4052860274477,168.61572532557014,0.04386404199475065,0.03731286089238846
2024-03-12 05:27:50,0.040549081364829404,276.4052860274477,168.61572532557014,0.043654068241469814,0.03744409448818897
2024-03-12 07:28:16,0.04138188976377951,276.4052860274477,168.61572532557014,0.045162204724409474,0.037601574803149594
2024-03-12 09:28:39,0.04112125984251968,269.0344428429477,156.1857290292489,0.04511181102362205,0.03713070866141733
2024-03-12 11:29:00,0.04112125984251968,269.0344428429477,156.1857290292489,0.04511181102362205,0.03713070866141733
2024-03-12 13:29:23,0.04112125984251968,269.0344428429477,156.1857290292489,0.04511181102362205,0.03713070866141733
2024-03-12 15:29:45,0.04112125984251968,269.0344428429477,156.1857290292489,0.04511181102362205,0.03713070866141733
2024-03-12 17:30:08,0.04112125984251968,269.0344428429477,156.1857290292489,0.04511181102362205,0.03713070866141733
2024-03-12 19:30:32,0.04112125984251968,269.0344428429477,156.1857290292489,0.04511181102362205,0.03713070866141733
2024-03-12 21:30:55,0.04112125984251968,269.0344428429477,156.1857290292489,0.04511181102362205,0.03713070866141733
2024-03-12 23:31:18,0.04112125984251968,269.0344428429477,156.1857290292489,0.04511181102362205,0.03713070866141733
2024-03-13 01:31:40,0.04112125984251968,269.0344428429477,156.1857290292489,0.04511181102362205,0.03713070866141733
2024-03-13 03:32:02,0.04112125984251968,269.0344428429477,156.1857290292489,0.04511181102362205,0.03713070866141733
2024-03-13 05:32:24,0.04112125984251968,269.0344428429477,156.1857290292489,0.04511181102362205,0.03713070866141733
2024-03-13 07:32:46,0.04036220472440945,269.0344428429477,156.1857290292489,0.04398897637795275,0.03673543307086615
2024-03-13 09:33:07,0.04068976377952755,273.17245247729363,147.82411962661874,0.044833070866141744,0.03654645669291338
2024-03-13 11:33:32,0.04068976377952755,273.17245247729363,147.82411962661874,0.044833070866141744,0.03654645669291338
2024-03-13 13:34:01,0.04068976377952755,273.17245247729363,147.82411962661874,0.044833070866141744,0.03654645669291338
2024-03-13 15:34:26,0.04068976377952755,273.17245247729363,147.82411962661874,0.044833070866141744,0.03654645669291338
2024-03-13 17:34:48,0.04068976377952755,273.17245247729363,147.82411962661874,0.044833070866141744,0.03654645669291338
2024-03-13 19:35:10,0.04068976377952755,273.17245247729363,147.82411962661874,0.044833070866141744,0.03654645669291338
2024-03-13 21:35:31,0.04068976377952755,273.17245247729363,147.82411962661874,0.044833070866141744,0.03654645669291338
2024-03-13 23:35:53,0.04068976377952755,273.17245247729363,147.82411962661874,0.044833070866141744,0.03654645669291338
2024-03-14 01:36:15,0.04068976377952755,273.17245247729363,147.82411962661874,0.044833070866141744,0.03654645669291338
2024-03-14 03:36:36,0.04068976377952755,273.17245247729363,147.82411962661874,0.044833070866141744,0.03654645669291338
2024-03-14 05:37:02,0.04068976377952755,273.17245247729363,147.82411962661874,0.044833070866141744,0.03654645669291338
2024-03-14 07:37:23,0.04144645669291338,266.2322296986146,147.81241705615508,0.04511968503937008,0.03777322834645669
2024-03-14 09:37:46,0.04144645669291338,266.2322296986146,136.61355697452566,0.04511968503937008,0.03777322834645669
2024-03-14 11:38:08,0.04144645669291338,266.2322296986146,136.61355697452566,0.04511968503937008,0.03777322834645669
2024-03-14 13:38:28,0.04144645669291338,266.2322296986146,136.61355697452566,0.04511968503937008,0.03777322834645669
2024-03-14 15:38:49,0.04144645669291338,266.2322296986146,136.61355697452566,0.04511968503937008,0.03777322834645669
2024-03-14 17:39:11,0.04144645669291338,266.2322296986146,136.61355697452566,0.04511968503937008,0.03777322834645669
2024-03-14 19:39:32,0.04144645669291338,266.2322296986146,136.61355697452566,0.04511968503937008,0.03777322834645669
2024-03-14 21:39:56,0.04144645669291338,266.2322296986146,136.61355697452566,0.04511968503937008,0.03777322834645669
2024-03-14 23:40:20,0.04144645669291338,266.2322296986146,136.61355697452566,0.04511968503937008,0.03777322834645669
2024-03-15 01:40:40,0.04144645669291338,266.2322296986146,136.61355697452566,0.04511968503937008,0.03777322834645669
2024-03-15 03:41:03,0.04144645669291338,266.2322296986146,136.61355697452566,0.04511968503937008,0.03777322834645669
2024-03-15 05:41:26,0.04144645669291338,266.2322296986146,136.61355697452566,0.04511968503937008,0.03777322834645669
2024-03-15 07:41:50,0.04144645669291338,266.2322296986146,136.61355697452566,0.04511968503937008,0.03777322834645669
2024-03-15 09:42:11,0.04144645669291338,266.2322296986146,136.61355697452566,0.04511968503937008,0.03777322834645669
2024-03-15 11:42:32,0.04150078740157481,271.29780249938517,152.07704037952362,0.04612755905511811,0.03687401574803148
2024-03-15 13:42:54,0.042170866141732294,271.29780249938517,152.07704037952362,0.046582152230971126,0.03775958005249343
2024-03-15 15:43:17,0.042170866141732294,271.29780249938517,152.07704037952362,0.046582152230971126,0.03775958005249343
2024-03-15 17:43:40,0.042170866141732294,271.29780249938517,152.07704037952362,0.046582152230971126,0.03775958005249343
2024-03-15 19:44:03,0.042170866141732294,271.29780249938517,152.07704037952362,0.046582152230971126,0.03775958005249343
2024-03-15 21:44:26,0.042170866141732294,271.29780249938517,152.07704037952362,0.046582152230971126,0.03775958005249343
2024-03-15 23:44:48,0.042170866141732294,271.29780249938517,152.07704037952362,0.046582152230971126,0.03775958005249343
2024-03-16 01:45:11,0.04251443569553806,271.29780249938517,152.07704037952362,0.046524409448818894,0.038504461942257207
2024-03-16 03:45:32,0.04251443569553806,271.29780249938517,152.07704037952362,0.046524409448818894,0.038504461942257207
2024-03-16 05:45:55,0.04251443569553806,271.29780249938517,152.07704037952362,0.046524409448818894,0.038504461942257207
2024-03-16 07:46:15,0.04452125984251966,271.29780249938517,152.07704037952362,0.04880314960629918,0.0401795275590551
2024-03-16 09:46:37,0.04423700787401572,268.83484025618344,145.10895070745516,0.04850708661417319,0.03996692913385827
2024-03-16 11:46:58,0.04423700787401572,268.83484025618344,145.10895070745516,0.04850708661417319,0.03996692913385827
2024-03-16 13:47:21,0.04423700787401572,268.83484025618344,145.10895070745516,0.04850708661417319,0.03996692913385827
2024-03-16 15:47:44,0.04423700787401572,268.83484025618344,145.10895070745516,0.04850708661417319,0.03996692913385827
2024-03-16 17:48:05,0.04423700787401572,268.83484025618344,145.10895070745516,0.04850708661417319,0.03996692913385827
2024-03-16 19:48:29,0.04423700787401572,268.83484025618344,145.10895070745516,0.04850708661417319,0.03996692913385827
2024-03-16 21:48:51,0.04423700787401572,268.83484025618344,145.10895070745516,0.04850708661417319,0.03996692913385827
2024-03-16 23:49:14,0.04423700787401572,268.83484025618344,145.10895070745516,0.04850708661417319,0.03996692913385827
2024-03-17 01:49:37,0.04423700787401572,268.83484025618344,145.10895070745516,0.04850708661417319,0.03996692913385827
2024-03-17 03:49:58,0.04423700787401572,268.83484025618344,145.10895070745516,0.04850708661417319,0.03996692913385827
2024-03-17 05:50:19,0.04423700787401572,268.83484025618344,145.10895070745516,0.04850708661417319,0.03996692913385827
2024-03-17 07:50:40,0.04423700787401572,268.83484025618344,145.10895070745516,0.04850708661417319,0.03996692913385827
2024-03-17 09:51:01,0.04423700787401572,254.8901705905463,145.10895070745516,0.04850708661417319,0.03996692913385827
2024-03-17 11:51:23,0.04423700787401572,254.8901705905463,152.57104773801316,0.04850708661417319,0.03996692913385827
2024-03-17 13:51:45,0.04423700787401572,254.8901705905463,152.57104773801316,0.04850708661417319,0.03996692913385827
2024-03-17 15:52:07,0.04337165354330706,254.8901705905463,152.57104773801316,0.04667349081364826,0.04006981627296588
2024-03-17 17:52:28,0.04337165354330706,254.8901705905463,152.57104773801316,0.04667349081364826,0.04006981627296588
2024-03-17 19:52:49,0.04341102362204721,254.8901705905463,152.57104773801316,0.04672598425196847,0.040096062992125994
2024-03-17 21:53:10,0.04341102362204721,254.8901705905463,152.57104773801316,0.04672598425196847,0.040096062992125994
2024-03-17 23:53:32,0.04341102362204721,254.8901705905463,152.57104773801316,0.04672598425196847,0.040096062992125994
2024-03-18 01:53:55,0.04528766404199472,254.8901705905463,152.57104773801316,0.04853333333333331,0.04204199475065618
2024-03-18 03:54:16,0.04528766404199472,254.8901705905463,152.57104773801316,0.04853333333333331,0.04204199475065618
2024-03-18 05:54:36,0.04534015748031493,254.8901705905463,152.57104773801316,0.04845459317585298,0.04222572178477692
2024-03-18 07:54:57,0.040481102362204736,267.9186367491605,149.78711900111662,0.04438267716535431,0.03657952755905515
2024-03-18 09:55:17,0.04099370078740158,267.9186367491605,149.78711900111662,0.04468661417322833,0.037300787401574845
2024-03-18 11:55:37,0.04086246719160106,267.9186367491605,149.78711900111662,0.04466036745406822,0.037064566929133895
2024-03-18 13:55:59,0.04086246719160106,267.9186367491605,149.78711900111662,0.04466036745406822,0.037064566929133895
2024-03-18 15:56:21,0.04086246719160106,267.9186367491605,149.78711900111662,0.04466036745406822,0.037064566929133895
2024-03-18 17:56:43,0.04086246719160106,267.9186367491605,149.78711900111662,0.04466036745406822,0.037064566929133895
2024-03-18 19:57:04,0.04104619422572178,267.9186367491605,149.78711900111662,0.04489658792650917,0.037195800524934416
2024-03-18 21:57:24,0.04104619422572178,267.9186367491605,149.78711900111662,0.04489658792650917,0.037195800524934416
2024-03-18 23:57:46,0.04100682414698163,267.9186367491605,149.78711900111662,0.04500157480314958,0.03701207349081368
2024-03-19 01:58:07,0.04100682414698163,267.9186367491605,149.78711900111662,0.04500157480314958,0.03701207349081368
2024-03-19 03:58:31,0.040888713910761175,267.9186367491605,149.78711900111662,0.04494908136482938,0.036828346456692945
2024-03-19 05:58:55,0.040888713910761175,267.9186367491605,149.78711900111662,0.04494908136482938,0.036828346456692945
2024-03-19 07:59:18,0.0410496062992126,267.9186367491605,149.78711900111662,0.044559055118110216,0.037540157480314966
2024-03-19 09:59:39,0.04191889763779525,266.696109408966,166.80783306649798,0.045173228346456665,0.038664566929133844
2024-03-19 12:00:03,0.04191889763779525,266.696109408966,166.80783306649798,0.045173228346456665,0.038664566929133844
2024-03-19 14:00:27,0.04191889763779525,266.696109408966,166.80783306649798,0.045173228346456665,0.038664566929133844
2024-03-19 16:00:56,0.04191889763779525,266.696109408966,166.80783306649798,0.045173228346456665,0.038664566929133844
2024-03-19 18:01:18,0.04191889763779525,266.696109408966,166.80783306649798,0.045173228346456665,0.038664566929133844
2024-03-19 20:01:39,0.04191889763779525,266.696109408966,166.80783306649798,0.045173228346456665,0.038664566929133844
2024-03-19 22:02:04,0.04191889763779525,266.696109408966,166.80783306649798,0.045173228346456665,0.038664566929133844
2024-03-20 00:02:27,0.04191889763779525,266.696109408966,166.80783306649798,0.045173228346456665,0.038664566929133844
2024-03-20 02:02:50,0.04191889763779525,266.696109408966,166.80783306649798,0.045173228346456665,0.038664566929133844
2024-03-20 04:03:09,0.04191889763779525,266.696109408966,166.80783306649798,0.045173228346456665,0.038664566929133844
2024-03-20 06:03:31,0.04191889763779525,266.696109408966,166.80783306649798,0.045173228346456665,0.038664566929133844
2024-03-20 08:03:55,0.04191889763779525,266.696109408966,166.80783306649798,0.045173228346456665,0.038664566929133844
2024-03-20 10:04:17,0.04191889763779525,266.696109408966,166.80783306649798,0.045173228346456665,0.038664566929133844
2024-03-20 12:04:40,0.03942677165354331,266.696109408966,166.80783306649798,0.04257322834645668,0.03628503937007874
2024-03-20 14:05:01,0.03942677165354331,266.696109408966,166.80783306649798,0.04257322834645668,0.03628503937007874
2024-03-20 16:05:23,0.03938110236220474,263.60704403780693,144.75939837777864,0.042921259842519696,0.03584094488188976
2024-03-20 18:05:44,0.03938110236220474,263.60704403780693,144.75939837777864,0.042921259842519696,0.03584094488188976
2024-03-20 20:06:04,0.03938110236220474,263.60704403780693,144.75939837777864,0.042921259842519696,0.03584094488188976
2024-03-20 22:06:25,0.03938110236220474,263.60704403780693,144.75939837777864,0.042921259842519696,0.03584094488188976
2024-03-21 00:06:46,0.03938110236220474,263.60704403780693,144.75939837777864,0.042921259842519696,0.03584094488188976
2024-03-21 02:07:08,0.03938110236220474,263.60704403780693,144.75939837777864,0.042921259842519696,0.03584094488188976
2024-03-21 04:07:30,0.03938110236220474,263.60704403780693,144.75939837777864,0.042921259842519696,0.03584094488188976
2024-03-21 06:07:51,0.03938110236220474,263.60704403780693,144.75939837777864,0.042921259842519696,0.03584094488188976
2024-03-21 08:08:15,0.039040944881889784,266.87908833996545,169.01104955540467,0.042474015748031474,0.03560787401574804
2024-03-21 10:08:39,0.039040944881889784,266.87908833996545,169.01104955540467,0.042474015748031474,0.03560787401574804
2024-03-21 12:09:02,0.039040944881889784,266.87908833996545,169.01104955540467,0.042474015748031474,0.03560787401574804
2024-03-21 14:09:24,0.039040944881889784,266.87908833996545,169.01104955540467,0.042474015748031474,0.03560787401574804
2024-03-21 16:09:48,0.039040944881889784,266.87908833996545,169.01104955540467,0.042474015748031474,0.03560787401574804
2024-03-21 18:10:10,0.039040944881889784,266.87908833996545,169.01104955540467,0.042474015748031474,0.03560787401574804
2024-03-21 20:10:32,0.039040944881889784,266.87908833996545,169.01104955540467,0.042474015748031474,0.03560787401574804
2024-03-21 22:10:53,0.039040944881889784,266.87908833996545,169.01104955540467,0.042474015748031474,0.03560787401574804
2024-03-22 00:11:13,0.039040944881889784,266.87908833996545,169.01104955540467,0.042474015748031474,0.03560787401574804
2024-03-22 02:11:33,0.039040944881889784,266.87908833996545,169.01104955540467,0.042474015748031474,0.03560787401574804
2024-03-22 04:11:55,0.039040944881889784,266.87908833996545,169.01104955540467,0.042474015748031474,0.03560787401574804
2024-03-22 06:12:17,0.039040944881889784,266.87908833996545,169.01104955540467,0.042474015748031474,0.03560787401574804
2024-03-22 08:12:41,0.03930708661417323,275.8869515803603,180.6725678436057,0.042291338582677154,0.03632283464566929
2024-03-22 10:13:02,0.03930708661417323,275.8869515803603,180.6725678436057,0.042291338582677154,0.03632283464566929
2024-03-22 12:13:23,0.03930708661417323,275.8869515803603,180.6725678436057,0.042291338582677154,0.03632283464566929
2024-03-22 14:13:43,0.03930708661417323,275.8869515803603,180.6725678436057,0.042291338582677154,0.03632283464566929
2024-03-22 16:14:05,0.03930708661417323,275.8869515803603,180.6725678436057,0.042291338582677154,0.03632283464566929
2024-03-22 18:14:25,0.03930708661417323,275.8869515803603,180.6725678436057,0.042291338582677154,0.03632283464566929
2024-03-22 20:14:46,0.03930708661417323,275.8869515803603,180.6725678436057,0.042291338582677154,0.03632283464566929
2024-03-22 22:15:07,0.03930708661417323,275.8869515803603,180.6725678436057,0.042291338582677154,0.03632283464566929
2024-03-23 00:15:28,0.03930708661417323,275.8869515803603,180.6725678436057,0.042291338582677154,0.03632283464566929
2024-03-23 02:15:51,0.03930708661417323,275.8869515803603,180.6725678436057,0.042291338582677154,0.03632283464566929
2024-03-23 04:16:11,0.03930708661417323,275.8869515803603,180.6725678436057,0.042291338582677154,0.03632283464566929
2024-03-23 06:16:35,0.03930708661417323,275.8869515803603,180.6725678436057,0.042291338582677154,0.03632283464566929
2024-03-23 08:16:58,0.03930708661417323,281.1856443530407,182.1280230745549,0.042291338582677154,0.03632283464566929
2024-03-23 10:17:20,0.03930708661417323,281.1856443530407,182.1280230745549,0.042291338582677154,0.03632283464566929
2024-03-23 12:17:43,0.04101574803149607,281.1856443530407,182.1280230745549,0.04467244094488188,0.03735905511811023
2024-03-23 14:18:07,0.04101574803149607,281.1856443530407,182.1280230745549,0.04467244094488188,0.03735905511811023
2024-03-23 16:18:29,0.04101574803149607,281.1856443530407,182.1280230745549,0.04467244094488188,0.03735905511811023
2024-03-23 18:18:51,0.04101574803149607,281.1856443530407,182.1280230745549,0.04467244094488188,0.03735905511811023
2024-03-23 20:19:13,0.04101574803149607,281.1856443530407,182.1280230745549,0.04467244094488188,0.03735905511811023
2024-03-23 22:19:36,0.04101574803149607,281.1856443530407,182.1280230745549,0.04467244094488188,0.03735905511811023
2024-03-24 00:19:58,0.04101574803149607,281.1856443530407,182.1280230745549,0.04467244094488188,0.03735905511811023
2024-03-24 02:20:22,0.04101574803149607,281.1856443530407,182.1280230745549,0.04467244094488188,0.03735905511811023
2024-03-24 04:20:46,0.04101574803149607,281.1856443530407,182.1280230745549,0.04467244094488188,0.03735905511811023
2024-03-24 06:21:08,0.04101574803149607,281.1856443530407,182.1280230745549,0.04467244094488188,0.03735905511811023
2024-03-24 08:21:31,0.042866929133858256,276.6320935171077,152.4282540424344,0.046722834645669266,0.03901102362204724
2024-03-24 10:21:55,0.042866929133858256,276.6320935171077,152.4282540424344,0.046722834645669266,0.03901102362204724
2024-03-24 12:22:18,0.042866929133858256,276.6320935171077,152.4282540424344,0.046722834645669266,0.03901102362204724
2024-03-24 14:22:39,0.042866929133858256,276.6320935171077,152.4282540424344,0.046722834645669266,0.03901102362204724
2024-03-24 16:23:02,0.042866929133858256,276.6320935171077,152.4282540424344,0.046722834645669266,0.03901102362204724
2024-03-24 18:23:26,0.042866929133858256,276.6320935171077,152.4282540424344,0.046722834645669266,0.03901102362204724
2024-03-24 20:23:50,0.042866929133858256,276.6320935171077,152.4282540424344,0.046722834645669266,0.03901102362204724
2024-03-24 22:24:13,0.042866929133858256,276.6320935171077,152.4282540424344,0.046722834645669266,0.03901102362204724
2024-03-25 00:24:36,0.042866929133858256,276.6320935171077,152.4282540424344,0.046722834645669266,0.03901102362204724
2024-03-25 02:24:59,0.042866929133858256,276.6320935171077,152.4282540424344,0.046722834645669266,0.03901102362204724
2024-03-25 04:25:21,0.042866929133858256,276.6320935171077,152.4282540424344,0.046722834645669266,0.03901102362204724
2024-03-25 06:25:45,0.042866929133858256,276.6320935171077,152.4282540424344,0.046722834645669266,0.03901102362204724
2024-03-25 08:26:08,0.042866929133858256,276.6320935171077,152.4282540424344,0.046722834645669266,0.03901102362204724
2024-03-25 10:26:30,0.042866929133858256,276.6320935171077,152.4282540424344,0.046722834645669266,0.03901102362204724
2024-03-25 12:26:53,0.042866929133858256,276.6320935171077,152.4282540424344,0.046722834645669266,0.03901102362204724
2024-03-25 14:27:18,0.042866929133858256,276.6320935171077,152.4282540424344,0.046722834645669266,0.03901102362204724
2024-03-25 16:27:38,0.042866929133858256,276.6320935171077,152.4282540424344,0.046722834645669266,0.03901102362204724
2024-03-25 18:27:59,0.042866929133858256,276.6320935171077,152.4282540424344,0.046722834645669266,0.03901102362204724
2024-03-25 20:28:23,0.042866929133858256,276.6320935171077,152.4282540424344,0.046722834645669266,0.03901102362204724
2024-03-25 22:28:43,0.042866929133858256,276.6320935171077,152.4282540424344,0.046722834645669266,0.03901102362204724
2024-03-26 00:29:03,0.042866929133858256,276.6320935171077,152.4282540424344,0.046722834645669266,0.03901102362204724
2024-03-26 02:29:23,0.042866929133858256,276.6320935171077,152.4282540424344,0.046722834645669266,0.03901102362204724
2024-03-26 04:29:45,0.042866929133858256,276.6320935171077,152.4282540424344,0.046722834645669266,0.03901102362204724
2024-03-26 06:30:06,0.04066850393700787,276.6320935171077,152.4282540424344,0.043540682414698134,0.03779632545931758
2024-03-26 08:30:28,0.040457742782152244,274.9676649994273,134.44879984622344,0.04333753280839897,0.037577952755905496
2024-03-26 10:30:51,0.04053648293963256,274.9676649994273,134.44879984622344,0.043626246719160114,0.037446719160104974
2024-03-26 12:31:12,0.040720209973753294,274.9676649994273,134.44879984622344,0.0441249343832021,0.037315485564304446
2024-03-26 14:31:35,0.040497112860892394,274.9676649994273,134.44879984622344,0.04383622047244096,0.03715800524934382
2024-03-26 16:31:57,0.04059396325459319,274.9676649994273,134.44879984622344,0.04336955380577429,0.03781837270341206
2024-03-26 18:32:21,0.04059396325459319,274.9676649994273,134.44879984622344,0.04336955380577429,0.03781837270341206
2024-03-26 20:32:42,0.04059396325459319,274.9676649994273,134.44879984622344,0.04336955380577429,0.03781837270341206
2024-03-26 22:33:03,0.04071207349081367,274.9676649994273,134.44879984622344,0.0439994750656168,0.03742467191601048
2024-03-27 00:33:24,0.042302099737532815,274.9676649994273,134.44879984622344,0.0447265091863517,0.03987769028871389
2024-03-27 02:33:46,0.04180341207349082,274.9676649994273,134.44879984622344,0.04472650918635171,0.0388803149606299
2024-03-27 04:34:06,0.0421971128608924,274.9676649994273,134.44879984622344,0.044674015748031495,0.03972020997375326
2024-03-27 06:34:28,0.04179553805774278,274.9676649994273,134.44879984622344,0.04441994750656167,0.03917112860892386
2024-03-27 08:34:48,0.0420007874015748,274.9712913503888,134.13581546483698,0.04454015748031496,0.03946141732283464
2024-03-27 10:35:09,0.0420007874015748,274.9712913503888,134.13581546483698,0.04454015748031496,0.03946141732283464
2024-03-27 12:35:30,0.0420007874015748,274.9712913503888,134.13581546483698,0.04454015748031496,0.03946141732283464
2024-03-27 14:35:52,0.0420007874015748,274.9712913503888,134.13581546483698,0.04454015748031496,0.03946141732283464
2024-03-27 16:36:15,0.0420007874015748,274.9712913503888,134.13581546483698,0.04454015748031496,0.03946141732283464
2024-03-27 18:36:34,0.0420007874015748,274.9712913503888,134.13581546483698,0.04454015748031496,0.03946141732283464
2024-03-27 20:36:53,0.0420007874015748,274.9712913503888,134.13581546483698,0.04454015748031496,0.03946141732283464
2024-03-27 22:37:15,0.0420007874015748,274.9712913503888,134.13581546483698,0.04454015748031496,0.03946141732283464
2024-03-28 00:37:35,0.0420007874015748,274.9712913503888,134.13581546483698,0.04454015748031496,0.03946141732283464
2024-03-28 02:37:54,0.0420007874015748,274.9712913503888,134.13581546483698,0.04454015748031496,0.03946141732283464
2024-03-28 04:38:16,0.0420007874015748,274.9712913503888,134.13581546483698,0.04454015748031496,0.03946141732283464
2024-03-28 06:38:38,0.04271391076115484,264.1401630999926,135.45493005958323,0.044984776902887144,0.040443044619422566
2024-03-28 08:39:01,0.0427270341207349,264.1401630999926,135.45493005958323,0.04490603674540683,0.04054803149606299
2024-03-28 10:39:22,0.0427270341207349,264.1401630999926,135.45493005958323,0.04490603674540683,0.04054803149606299
2024-03-28 12:39:46,0.042412073490813634,264.1401630999926,135.45493005958323,0.0447748031496063,0.04004934383202099
2024-03-28 14:40:08,0.04343779527559055,264.1401630999926,135.45493005958323,0.045704461942257225,0.04117112860892388
2024-03-28 16:40:32,0.04749580052493437,264.1401630999926,135.45493005958323,0.04960472440944883,0.045386876640419946
2024-03-28 18:40:55,0.04779422572178476,264.1401630999926,135.45493005958323,0.050237270341207355,0.04535118110236221
2024-03-28 20:41:19,0.04903438320209974,264.1401630999926,135.45493005958323,0.05123464566929135,0.04683412073490812
2024-03-28 22:41:42,0.04903438320209974,264.1401630999926,135.45493005958323,0.05123464566929135,0.04683412073490812
2024-03-29 00:42:05,0.04903438320209974,264.1401630999926,135.45493005958323,0.05123464566929135,0.04683412073490812
2024-03-29 02:42:27,0.04891627296587925,264.1401630999926,135.45493005958323,0.04963359580052493,0.048198950131233584
2024-03-29 04:42:48,0.04891627296587925,264.1401630999926,135.45493005958323,0.04963359580052493,0.048198950131233584
2024-03-29 06:43:11,0.048798162729658784,264.1401630999926,135.45493005958323,0.049974803149606305,0.047621522309711284
2024-03-29 08:43:34,0.04046771653543306,266.99252354856264,146.49601015782486,0.044787401574803175,0.03614803149606298
2024-03-29 10:43:57,0.04046771653543306,266.99252354856264,146.49601015782486,0.044787401574803175,0.03614803149606298
2024-03-29 12:44:20,0.0435283464566929,266.99252354856264,146.49601015782486,0.04651076115485567,0.040545931758530177
2024-03-29 14:44:50,0.04314776902887137,266.99252354856264,146.49601015782486,0.04598582677165356,0.04030971128608922
2024-03-29 16:45:13,0.04314776902887137,266.99252354856264,146.49601015782486,0.04598582677165356,0.04030971128608922
2024-03-29 18:45:36,0.04314776902887137,266.99252354856264,146.49601015782486,0.04598582677165356,0.04030971128608922
2024-03-29 20:45:59,0.04314776902887137,266.99252354856264,146.49601015782486,0.04598582677165356,0.04030971128608922
2024-03-29 22:46:22,0.044653280839895,266.99252354856264,146.49601015782486,0.048517060367454096,0.04078950131233595
2024-03-30 00:46:46,0.04471889763779526,266.99252354856264,146.49601015782486,0.04799212598425199,0.04144566929133856
2024-03-30 02:47:10,0.04486325459317583,266.99252354856264,146.49601015782486,0.048149606299212624,0.04157690288713911
2024-03-30 04:47:33,0.04433832020997375,266.99252354856264,146.49601015782486,0.04759842519685041,0.0410782152230971
2024-03-30 06:47:57,0.04261916010498688,266.99252354856264,146.49601015782486,0.04544881889763783,0.039832020997375296
2024-03-30 08:48:20,0.04261916010498688,266.99252354856264,146.49601015782486,0.04544881889763783,0.039832020997375296
2024-03-30 10:48:44,0.04140734908136482,265.9918039558985,167.4800649021018,0.04588241469816273,0.03693228346456691
2024-03-30 12:49:06,0.04334908136482938,265.9918039558985,167.4800649021018,0.04782152230971129,0.0388766404199475
2024-03-30 14:49:29,0.04334908136482938,265.9918039558985,167.4800649021018,0.04782152230971129,0.0388766404199475
2024-03-30 16:49:52,0.04334908136482938,265.9918039558985,167.4800649021018,0.04782152230971129,0.0388766404199475
2024-03-30 18:50:18,0.04334908136482938,265.9918039558985,167.4800649021018,0.04782152230971129,0.0388766404199475
2024-03-30 20:50:40,0.04334908136482938,265.9918039558985,167.4800649021018,0.04782152230971129,0.0388766404199475
2024-03-30 22:51:02,0.04334908136482938,265.9918039558985,167.4800649021018,0.04782152230971129,0.0388766404199475
2024-03-31 00:51:24,0.04334908136482938,265.9918039558985,167.4800649021018,0.04782152230971129,0.0388766404199475
2024-03-31 03:00:42,0.04334908136482938,265.9918039558985,167.4800649021018,0.04782152230971129,0.0388766404199475
2024-03-31 05:01:03,0.04334908136482938,265.9918039558985,167.4800649021018,0.04782152230971129,0.0388766404199475
2024-03-31 07:01:23,0.04334908136482938,265.9918039558985,167.4800649021018,0.04782152230971129,0.0388766404199475
2024-03-31 09:01:43,0.04334908136482938,265.9918039558985,167.4800649021018,0.04782152230971129,0.0388766404199475
2024-03-31 11:02:03,0.04334908136482938,265.9918039558985,167.4800649021018,0.04782152230971129,0.0388766404199475
2024-03-31 13:02:23,0.04334908136482938,265.9918039558985,167.4800649021018,0.04782152230971129,0.0388766404199475
2024-03-31 15:02:43,0.04334908136482938,265.9918039558985,167.4800649021018,0.04782152230971129,0.0388766404199475
2024-03-31 17:03:05,0.04334908136482938,265.9918039558985,167.4800649021018,0.04782152230971129,0.0388766404199475
2024-03-31 19:03:25,0.04334908136482938,256.9506828304504,143.8169144179316,0.04782152230971129,0.0388766404199475
2024-03-31 21:03:49,0.04334908136482938,256.9506828304504,143.8169144179316,0.04782152230971129,0.0388766404199475
2024-03-31 23:04:11,0.04334908136482938,256.9506828304504,143.8169144179316,0.04782152230971129,0.0388766404199475
2024-04-01 01:04:34,0.04469606299212598,256.9506828304504,143.8169144179316,0.04871916010498688,0.040672965879265076
2024-04-01 03:04:58,0.04469606299212598,256.9506828304504,143.8169144179316,0.04871916010498688,0.040672965879265076
2024-04-01 05:05:20,0.046789763779527545,256.9506828304504,143.8169144179316,0.050419422572178484,0.04316010498687662
2024-04-01 07:05:42,0.045415748031496055,256.9506828304504,143.8169144179316,0.05046404199475065,0.04036745406824148
2024-04-01 09:06:04,0.045415748031496055,256.9506828304504,143.8169144179316,0.05046404199475065,0.04036745406824148
2024-04-01 11:06:26,0.041371653543307095,265.5473154985751,168.3279775769059,0.04556220472440943,0.037181102362204725
2024-04-01 13:06:50,0.041371653543307095,265.5473154985751,168.3279775769059,0.04556220472440943,0.037181102362204725
2024-04-01 15:07:11,0.041371653543307095,265.5473154985751,168.3279775769059,0.04556220472440943,0.037181102362204725
2024-04-01 17:07:34,0.041371653543307095,265.5473154985751,168.3279775769059,0.04556220472440943,0.037181102362204725
2024-04-01 19:07:55,0.041371653543307095,265.5473154985751,168.3279775769059,0.04556220472440943,0.037181102362204725
2024-04-01 21:08:16,0.041371653543307095,265.5473154985751,168.3279775769059,0.04556220472440943,0.037181102362204725
2024-04-01 23:08:36,0.041371653543307095,265.5473154985751,168.3279775769059,0.04556220472440943,0.037181102362204725
2024-04-02 01:08:55,0.041371653543307095,265.5473154985751,168.3279775769059,0.04556220472440943,0.037181102362204725
2024-04-02 03:09:15,0.04355433070866142,265.5473154985751,168.3279775769059,0.04721417322834645,0.03989448818897639
2024-04-02 05:09:35,0.04355433070866142,265.5473154985751,168.3279775769059,0.04721417322834645,0.03989448818897639
2024-04-02 07:09:56,0.04355433070866142,265.5473154985751,168.3279775769059,0.04721417322834645,0.03989448818897639
2024-04-02 09:10:16,0.04101496062992123,263.257281265875,168.3279775769059,0.043163779527559065,0.03886614173228346
2024-04-02 11:10:37,0.04101496062992123,269.6651689723585,179.55187208837685,0.043163779527559065,0.03886614173228346
2024-04-02 13:11:00,0.04259501312335957,269.6651689723585,179.55187208837685,0.04412913385826773,0.041060892388451425
2024-04-02 15:11:21,0.04259501312335957,269.6651689723585,179.55187208837685,0.04412913385826773,0.041060892388451425
2024-04-02 17:11:43,0.04259501312335957,269.6651689723585,179.55187208837685,0.04412913385826773,0.041060892388451425
2024-04-02 19:12:05,0.04259501312335957,269.6651689723585,179.55187208837685,0.04412913385826773,0.041060892388451425
2024-04-02 21:12:28,0.04259501312335957,269.6651689723585,179.55187208837685,0.04412913385826773,0.041060892388451425
2024-04-02 23:12:50,0.04738845144356953,269.6651689723585,179.55187208837685,0.049602099737532816,0.045174803149606285
2024-04-03 01:13:11,0.04738845144356953,269.6651689723585,179.55187208837685,0.049602099737532816,0.045174803149606285
2024-04-03 03:13:31,0.04738845144356953,269.6651689723585,179.55187208837685,0.049602099737532816,0.045174803149606285
2024-04-03 05:13:54,0.04738845144356953,269.6651689723585,179.55187208837685,0.049602099737532816,0.045174803149606285
2024-04-03 07:14:15,0.052360892388451444,269.6651689723585,179.55187208837685,0.05540419947506564,0.04931758530183724
2024-04-03 09:14:35,0.052360892388451444,272.84939726333283,180.39059667393397,0.05540419947506564,0.04931758530183724
2024-04-03 11:14:54,0.05207217847769029,272.84939726333283,180.39059667393397,0.051992125984252,0.05215223097112859
2024-04-03 13:15:18,0.05207217847769029,272.84939726333283,180.39059667393397,0.051992125984252,0.05215223097112859
2024-04-03 15:15:40,0.052319422572178476,272.84939726333283,180.39059667393397,0.052198425196850425,0.05244041994750654
2024-04-03 17:16:01,0.052319422572178476,272.84939726333283,180.39059667393397,0.052198425196850425,0.05244041994750654
2024-04-03 19:16:23,0.052319422572178476,272.84939726333283,180.39059667393397,0.052198425196850425,0.05244041994750654
2024-04-03 21:16:45,0.052319422572178476,272.84939726333283,180.39059667393397,0.052198425196850425,0.05244041994750654
2024-04-03 23:17:07,0.052319422572178476,272.84939726333283,180.39059667393397,0.052198425196850425,0.05244041994750654
2024-04-04 01:17:29,0.052319422572178476,272.84939726333283,180.39059667393397,0.052198425196850425,0.05244041994750654
2024-04-04 03:17:52,0.052319422572178476,272.84939726333283,180.39059667393397,0.052198425196850425,0.05244041994750654
2024-04-04 05:18:12,0.05408320209973753,272.84939726333283,180.39059667393397,0.055298162729658804,0.05286824146981624
2024-04-04 07:18:33,0.055750656167978994,272.84939726333283,180.39059667393397,0.056140682414698176,0.055360629921259806
2024-04-04 09:18:55,0.055750656167978994,260.0898583249088,166.42060745831665,0.056140682414698176,0.055360629921259806
2024-04-04 11:19:16,0.055750656167978994,260.0898583249088,166.42060745831665,0.056140682414698176,0.055360629921259806
2024-04-04 13:19:37,0.055750656167978994,260.0898583249088,166.42060745831665,0.056140682414698176,0.055360629921259806
2024-04-04 15:19:58,0.05624934383202098,260.0898583249088,166.42060745831665,0.05411968503937009,0.058379002624671904
2024-04-04 17:20:20,0.0561312335958005,260.0898583249088,166.42060745831665,0.05406719160104987,0.05819527559055117
2024-04-04 19:20:42,0.0561312335958005,260.0898583249088,166.42060745831665,0.05406719160104987,0.05819527559055117
2024-04-04 21:21:04,0.05717191601049867,260.0898583249088,166.42060745831665,0.054489763779527564,0.059854068241469806
2024-04-04 23:21:25,0.05717191601049867,260.0898583249088,166.42060745831665,0.054489763779527564,0.059854068241469806
2024-04-05 01:21:47,0.05717191601049867,260.0898583249088,166.42060745831665,0.054489763779527564,0.059854068241469806
2024-04-05 03:22:07,0.05717191601049867,260.0898583249088,166.42060745831665,0.054489763779527564,0.059854068241469806
2024-04-05 05:22:28,0.05717191601049867,260.0898583249088,166.42060745831665,0.054489763779527564,0.059854068241469806
2024-04-05 07:22:51,0.05717191601049867,260.0898583249088,166.42060745831665,0.054489763779527564,0.059854068241469806
2024-04-05 09:23:12,0.05717191601049867,260.0898583249088,166.42060745831665,0.054489763779527564,0.059854068241469806
2024-04-05 11:23:33,0.05717191601049867,261.2469307573929,143.27390382242942,0.054489763779527564,0.059854068241469806
2024-04-05 13:23:54,0.05717191601049867,261.2469307573929,143.27390382242942,0.054489763779527564,0.059854068241469806
2024-04-05 15:24:14,0.05717191601049867,261.2469307573929,143.27390382242942,0.054489763779527564,0.059854068241469806
2024-04-05 17:24:34,0.05717191601049867,261.2469307573929,143.27390382242942,0.054489763779527564,0.059854068241469806
2024-04-05 19:24:53,0.05717191601049867,261.2469307573929,143.27390382242942,0.054489763779527564,0.059854068241469806
2024-04-05 21:25:13,0.05717191601049867,261.2469307573929,143.27390382242942,0.054489763779527564,0.059854068241469806
2024-04-05 23:25:35,0.05658136482939631,261.2469307573929,143.27390382242942,0.05393858267716537,0.059224146981627285
2024-04-06 01:25:56,0.05658136482939631,261.2469307573929,143.27390382242942,0.05393858267716537,0.059224146981627285
2024-04-06 03:26:18,0.056817585301837246,261.2469307573929,143.27390382242942,0.057219422572178484,0.05641574803149604
2024-04-06 05:26:40,0.056817585301837246,261.2469307573929,143.27390382242942,0.057219422572178484,0.05641574803149604
2024-04-06 07:27:00,0.056817585301837246,261.2469307573929,143.27390382242942,0.057219422572178484,0.05641574803149604
2024-04-06 09:27:20,0.056817585301837246,261.2469307573929,143.27390382242942,0.057219422572178484,0.05641574803149604
2024-04-06 11:27:41,0.056817585301837246,261.2469307573929,143.27390382242942,0.057219422572178484,0.05641574803149604
2024-04-06 13:28:02,0.056817585301837246,261.2469307573929,143.27390382242942,0.057219422572178484,0.05641574803149604
2024-04-06 15:28:23,0.056817585301837246,261.2469307573929,143.27390382242942,0.057219422572178484,0.05641574803149604
2024-04-06 17:28:46,0.056817585301837246,261.2469307573929,143.27390382242942,0.057219422572178484,0.05641574803149604
2024-04-06 19:29:08,0.056817585301837246,261.2469307573929,143.27390382242942,0.057219422572178484,0.05641574803149604
2024-04-06 21:29:29,0.056817585301837246,261.2469307573929,143.27390382242942,0.057219422572178484,0.05641574803149604
2024-04-06 23:29:49,0.0443724409448819,264.3678352843947,163.18284850678194,0.046664566929133865,0.04208031496062991
2024-04-07 01:30:10,0.0443724409448819,264.3678352843947,163.18284850678194,0.046664566929133865,0.04208031496062991
2024-04-07 03:30:32,0.0443724409448819,264.3678352843947,163.18284850678194,0.046664566929133865,0.04208031496062991
2024-04-07 05:30:51,0.04523910761154857,264.3678352843947,165.20651454804775,0.047865091863517055,0.04261312335958005
2024-04-07 07:31:12,0.04523910761154857,264.3678352843947,165.20651454804775,0.047865091863517055,0.04261312335958005
2024-04-07 09:31:33,0.045970078740157475,264.3678352843947,165.20651454804775,0.04656482939632546,0.045375328083989495
2024-04-07 11:31:52,0.045970078740157475,264.3678352843947,165.20651454804775,0.04656482939632546,0.045375328083989495
2024-04-07 13:32:11,0.045970078740157475,264.3678352843947,165.20651454804775,0.04656482939632546,0.045375328083989495
2024-04-07 15:32:31,0.045970078740157475,264.3678352843947,165.20651454804775,0.04656482939632546,0.045375328083989495
2024-04-07 17:33:52,0.045970078740157475,264.3678352843947,165.20651454804775,0.04656482939632546,0.045375328083989495
2024-04-07 19:34:19,0.045970078740157475,264.3678352843947,165.20651454804775,0.04656482939632546,0.045375328083989495
2024-04-07 21:34:38,0.045970078740157475,264.3678352843947,165.20651454804775,0.04656482939632546,0.045375328083989495
2024-04-07 23:34:58,0.045970078740157475,264.3678352843947,165.20651454804775,0.04656482939632546,0.045375328083989495
2024-04-08 01:35:21,0.045970078740157475,264.3678352843947,165.20651454804775,0.04656482939632546,0.045375328083989495
2024-04-08 03:35:41,0.045623097112860875,265.01074297570057,167.17387007468577,0.051365354330708664,0.039880839895013113
2024-04-08 05:36:01,0.045623097112860875,265.01074297570057,167.17387007468577,0.051365354330708664,0.039880839895013113
2024-04-08 07:36:20,0.045623097112860875,265.01074297570057,167.17387007468577,0.051365354330708664,0.039880839895013113
2024-04-08 09:36:39,0.045623097112860875,265.01074297570057,167.17387007468577,0.051365354330708664,0.039880839895013113
2024-04-08 11:37:00,0.045623097112860875,265.01074297570057,167.17387007468577,0.051365354330708664,0.039880839895013113
2024-04-08 13:37:22,0.045623097112860875,265.01074297570057,167.17387007468577,0.051365354330708664,0.039880839895013113
2024-04-08 15:37:43,0.0488774278215223,265.01074297570057,167.17387007468577,0.05750656167979002,0.040248293963254585
2024-04-08 17:38:03,0.050649868766404205,265.01074297570057,167.17387007468577,0.05898057742782152,0.04231916010498686
2024-04-08 19:38:24,0.050649868766404205,265.01074297570057,167.17387007468577,0.05898057742782152,0.04231916010498686
2024-04-08 21:38:46,0.04493779527559054,270.0640729210766,167.17387007468577,0.04570236220472438,0.04417322834645669
2024-04-08 23:39:06,0.046157480314960614,270.0640729210766,166.25748055142617,0.04652965879265089,0.04578530183727034
2024-04-09 01:39:27,0.046157480314960614,270.0640729210766,166.25748055142617,0.04652965879265089,0.04578530183727034
2024-04-09 03:39:47,0.045986876640419935,270.0640729210766,166.25748055142617,0.046608398950131205,0.045365354330708665
2024-04-09 05:40:08,0.04693753280839894,270.0640729210766,166.25748055142617,0.04726509186351704,0.04660997375328085
2024-04-09 07:40:30,0.04714750656167977,270.0640729210766,166.25748055142617,0.047317585301837245,0.046977427821522325
2024-04-09 09:40:50,0.04714750656167977,270.0640729210766,166.25748055142617,0.047317585301837245,0.046977427821522325
2024-04-09 11:41:14,0.043171653543307084,265.82629615829194,166.36969023027348,0.048577952755905526,0.03776535433070868
2024-04-09 13:41:36,0.043171653543307084,265.82629615829194,166.36969023027348,0.048577952755905526,0.03776535433070868
2024-04-09 15:41:56,0.043171653543307084,265.82629615829194,164.8433140122771,0.048577952755905526,0.03776535433070868
