ds,y,T1,probMeas0Prep1,probMeas1Prep0,readout_error
2024-02-27 19:38:28,169.04358583218928,283.059794451386,0.04175380577427821,0.039647244094488186,0.04070052493438319
2024-02-27 19:39:59,169.04358583218928,283.059794451386,0.04175380577427821,0.039647244094488186,0.04070052493438319
2024-02-27 21:40:20,169.04358583218928,283.059794451386,0.0416488188976378,0.039857217847769015,0.04075301837270341
2024-02-27 23:40:40,169.04358583218928,283.059794451386,0.0416488188976378,0.039857217847769015,0.04075301837270341
2024-02-28 01:41:00,169.04358583218928,283.059794451386,0.04191128608923885,0.03948976377952756,0.040700524934383205
2024-02-28 03:41:21,169.04358583218928,283.059794451386,0.04191128608923885,0.03948976377952756,0.040700524934383205
2024-02-28 05:41:40,169.04358583218928,283.059794451386,0.04191128608923885,0.03948976377952756,0.040700524934383205
2024-02-28 07:42:00,169.04358583218928,283.059794451386,0.04191128608923885,0.03948976377952756,0.040700524934383205
2024-02-28 09:42:19,169.04358583218928,283.059794451386,0.04191128608923885,0.03948976377952756,0.040700524934383205
2024-02-28 11:42:43,162.53875319293655,280.99554614525425,0.04236692913385826,0.03955118110236221,0.04095905511811024
2024-02-28 13:43:03,162.53875319293655,280.99554614525425,0.04284619422572177,0.04102939632545932,0.041937795275590564
2024-02-28 15:43:25,162.53875319293655,280.99554614525425,0.04284619422572177,0.04102939632545932,0.041937795275590564
2024-02-28 17:43:47,162.53875319293655,280.99554614525425,0.04284619422572177,0.04102939632545932,0.041937795275590564
2024-02-28 19:44:09,162.53875319293655,280.99554614525425,0.04284619422572177,0.04102939632545932,0.041937795275590564
2024-02-28 21:44:31,162.53875319293655,280.99554614525425,0.04284619422572177,0.04102939632545932,0.041937795275590564
2024-02-28 23:44:51,162.53875319293655,280.99554614525425,0.04284619422572177,0.04102939632545932,0.041937795275590564
2024-02-29 01:45:11,162.53875319293655,280.99554614525425,0.04284619422572177,0.04102939632545932,0.041937795275590564
2024-02-29 03:45:34,162.53875319293655,280.99554614525425,0.04284619422572177,0.04102939632545932,0.041937795275590564
2024-02-29 05:45:56,162.53875319293655,280.99554614525425,0.04284619422572177,0.04102939632545932,0.041937795275590564
2024-02-29 07:46:18,162.53875319293655,280.99554614525425,0.04284619422572177,0.04102939632545932,0.041937795275590564
2024-02-29 09:46:41,162.53875319293655,280.99554614525425,0.04284619422572177,0.04102939632545932,0.041937795275590564
2024-02-29 11:47:04,162.53875319293655,280.99554614525425,0.04284619422572177,0.04102939632545932,0.041937795275590564
2024-02-29 13:47:27,162.53875319293655,280.99554614525425,0.04284619422572177,0.04102939632545932,0.041937795275590564
2024-02-29 15:47:54,162.53875319293655,280.99554614525425,0.04284619422572177,0.04102939632545932,0.041937795275590564
2024-02-29 17:48:17,162.53875319293655,280.99554614525425,0.04284619422572177,0.04102939632545932,0.041937795275590564
2024-02-29 19:48:40,162.53875319293655,280.99554614525425,0.04438425196850393,0.04372230971128608,0.04405328083989503
2024-02-29 21:49:02,162.53875319293655,280.99554614525425,0.04438425196850393,0.04372230971128608,0.04405328083989503
2024-02-29 23:49:26,162.53875319293655,280.99554614525425,0.044699212598425186,0.04387979002624671,0.04428950131233598
2024-03-01 01:49:46,162.53875319293655,280.99554614525425,0.04464671916010498,0.043538582677165344,0.04409265091863519
2024-03-01 03:50:10,162.53875319293655,280.99554614525425,0.04464671916010498,0.043538582677165344,0.04409265091863519
2024-03-01 05:50:35,162.53875319293655,280.99554614525425,0.04464671916010498,0.043538582677165344,0.04409265091863519
2024-03-01 07:50:56,162.53875319293655,280.99554614525425,0.044462992125984244,0.04419475065616798,0.04432887139107613
2024-03-01 09:51:20,162.53875319293655,280.99554614525425,0.044462992125984244,0.04419475065616798,0.04432887139107613
2024-03-01 11:51:40,162.53875319293655,280.99554614525425,0.044462992125984244,0.04419475065616798,0.04432887139107613
2024-03-01 13:52:00,162.53875319293655,280.99554614525425,0.044462992125984244,0.04419475065616798,0.04432887139107613
2024-03-01 15:52:25,162.53875319293655,280.99554614525425,0.044462992125984244,0.04419475065616798,0.04432887139107613
2024-03-01 17:52:48,162.53875319293655,280.99554614525425,0.044462992125984244,0.04419475065616798,0.04432887139107613
2024-03-01 19:53:13,162.53875319293655,280.99554614525425,0.044462992125984244,0.04419475065616798,0.04432887139107613
2024-03-01 21:53:33,162.53875319293655,280.99554614525425,0.044462992125984244,0.04419475065616798,0.04432887139107613
2024-03-01 23:53:53,162.53875319293655,280.99554614525425,0.044462992125984244,0.04419475065616798,0.04432887139107613
2024-03-02 01:54:15,162.53875319293655,280.99554614525425,0.044462992125984244,0.04419475065616798,0.04432887139107613
2024-03-02 03:54:39,162.53875319293655,280.99554614525425,0.044462992125984244,0.04419475065616798,0.04432887139107613
2024-03-02 05:55:03,162.53875319293655,280.99554614525425,0.044462992125984244,0.04419475065616798,0.04432887139107613
2024-03-02 07:55:28,162.53875319293655,280.99554614525425,0.044462992125984244,0.04419475065616798,0.04432887139107613
2024-03-02 09:55:52,162.53875319293655,280.99554614525425,0.044462992125984244,0.04419475065616798,0.04432887139107613
2024-03-02 11:56:17,162.53875319293655,280.99554614525425,0.044462992125984244,0.04419475065616798,0.04432887139107613
2024-03-02 13:56:42,162.53875319293655,280.99554614525425,0.04421574803149606,0.0416015748031496,0.04290866141732284
2024-03-02 15:57:05,161.77622780138415,278.39085594204624,0.04421574803149606,0.0416015748031496,0.04290866141732284
2024-03-02 17:57:29,161.77622780138415,278.39085594204624,0.04421574803149606,0.0416015748031496,0.04290866141732284
2024-03-02 19:57:52,161.77622780138415,278.39085594204624,0.04421574803149606,0.0416015748031496,0.04290866141732284
2024-03-02 21:58:18,161.77622780138415,278.39085594204624,0.04421574803149606,0.0416015748031496,0.04290866141732284
2024-03-02 23:58:42,161.77622780138415,278.39085594204624,0.04421574803149606,0.0416015748031496,0.04290866141732284
2024-03-03 01:59:06,161.77622780138415,278.39085594204624,0.04421574803149606,0.0416015748031496,0.04290866141732284
2024-03-03 03:59:27,161.77622780138415,278.39085594204624,0.04421574803149606,0.0416015748031496,0.04290866141732284
2024-03-03 05:59:49,161.77622780138415,278.39085594204624,0.04421574803149606,0.0416015748031496,0.04290866141732284
2024-03-03 08:00:14,161.77622780138415,278.39085594204624,0.04682362204724407,0.03996377952755904,0.043393700787401596
2024-03-03 10:00:37,155.57735938610847,272.02528235795637,0.046722834645669266,0.03999685039370078,0.04335984251968505
2024-03-03 12:00:59,155.57735938610847,272.02528235795637,0.046722834645669266,0.03999685039370078,0.04335984251968505
2024-03-03 14:01:20,155.57735938610847,272.02528235795637,0.046722834645669266,0.03999685039370078,0.04335984251968505
2024-03-03 16:01:39,155.57735938610847,272.02528235795637,0.046722834645669266,0.03999685039370078,0.04335984251968505
2024-03-03 18:02:01,155.57735938610847,272.02528235795637,0.046722834645669266,0.03999685039370078,0.04335984251968505
2024-03-03 20:02:22,155.57735938610847,272.02528235795637,0.046722834645669266,0.03999685039370078,0.04335984251968505
2024-03-03 22:02:45,155.57735938610847,272.02528235795637,0.046722834645669266,0.03999685039370078,0.04335984251968505
2024-03-04 00:03:09,155.57735938610847,272.02528235795637,0.046722834645669266,0.03999685039370078,0.04335984251968505
2024-03-04 02:03:33,155.57735938610847,272.02528235795637,0.046722834645669266,0.03999685039370078,0.04335984251968505
2024-03-04 04:03:56,155.57735938610847,272.02528235795637,0.046722834645669266,0.03999685039370078,0.04335984251968505
2024-03-04 06:04:19,155.57735938610847,272.02528235795637,0.046722834645669266,0.03999685039370078,0.04335984251968505
2024-03-04 08:04:40,155.57735938610847,272.02528235795637,0.047776377952755904,0.03764251968503936,0.04268740157480314
2024-03-04 10:05:02,152.02636469356756,275.79471543949967,0.04779370078740156,0.0380031496062992,0.04289842519685039
2024-03-04 12:05:23,152.02636469356756,275.79471543949967,0.04779370078740156,0.0380031496062992,0.04289842519685039
2024-03-04 14:05:43,152.02636469356756,275.79471543949967,0.04779370078740156,0.0380031496062992,0.04289842519685039
2024-03-04 16:06:04,152.02636469356756,275.79471543949967,0.04433228346456693,0.03706666666666666,0.040699475065616796
2024-03-04 18:06:26,152.02636469356756,275.79471543949967,0.04433228346456693,0.03706666666666666,0.040699475065616796
2024-03-04 20:06:47,152.02636469356756,275.79471543949967,0.04433228346456693,0.03706666666666666,0.040699475065616796
2024-03-04 22:07:10,152.02636469356756,275.79471543949967,0.04433228346456693,0.03706666666666666,0.040699475065616796
2024-03-05 00:07:32,152.02636469356756,275.79471543949967,0.04433228346456693,0.03706666666666666,0.040699475065616796
2024-03-05 02:07:53,152.02636469356756,275.79471543949967,0.04433228346456693,0.03706666666666666,0.040699475065616796
2024-03-05 04:08:15,152.02636469356756,275.79471543949967,0.04498162729658791,0.0381280839895013,0.041554855643044605
2024-03-05 06:08:37,152.02636469356756,275.79471543949967,0.04498162729658791,0.0381280839895013,0.041554855643044605
2024-03-05 08:08:57,152.02636469356756,275.79471543949967,0.04585669291338584,0.04040629921259843,0.0431267716535433
2024-03-05 10:09:19,155.19644332020266,274.2491332992369,0.04583307086614174,0.04028031496062993,0.04305669291338581
2024-03-05 12:09:41,155.19644332020266,274.2491332992369,0.04583307086614174,0.04028031496062993,0.04305669291338581
2024-03-05 14:10:04,155.19644332020266,274.2491332992369,0.04583307086614174,0.04028031496062993,0.04305669291338581
2024-03-05 16:10:25,155.19644332020266,274.2491332992369,0.04583307086614174,0.04028031496062993,0.04305669291338581
2024-03-05 18:10:46,155.19644332020266,274.2491332992369,0.04583307086614174,0.04028031496062993,0.04305669291338581
2024-03-05 20:11:10,155.19644332020266,274.2491332992369,0.04583307086614174,0.04028031496062993,0.04305669291338581
2024-03-05 22:11:34,155.19644332020266,274.2491332992369,0.04583307086614174,0.04028031496062993,0.04305669291338581
2024-03-06 00:11:57,155.19644332020266,274.2491332992369,0.04583307086614174,0.04028031496062993,0.04305669291338581
2024-03-06 02:12:16,155.19644332020266,274.2491332992369,0.04583307086614174,0.04028031496062993,0.04305669291338581
2024-03-06 04:12:36,155.19644332020266,274.2491332992369,0.04583307086614174,0.04028031496062993,0.04305669291338581
2024-03-06 06:12:56,155.19644332020266,274.2491332992369,0.04583307086614174,0.04028031496062993,0.04305669291338581
2024-03-06 08:13:16,147.66150064850322,266.791536251774,0.04458740157480315,0.04040314960629922,0.04249527559055118
2024-03-06 10:13:35,147.66150064850322,266.791536251774,0.04458740157480315,0.04040314960629922,0.04249527559055118
2024-03-06 12:13:56,147.66150064850322,266.791536251774,0.04458740157480315,0.04040314960629922,0.04249527559055118
2024-03-06 14:14:16,147.66150064850322,266.791536251774,0.04458740157480315,0.04040314960629922,0.04249527559055118
2024-03-06 16:14:36,147.66150064850322,266.791536251774,0.04458740157480315,0.04040314960629922,0.04249527559055118
2024-03-06 18:14:56,147.66150064850322,266.791536251774,0.04458740157480315,0.04040314960629922,0.04249527559055118
2024-03-06 20:15:16,147.66150064850322,266.791536251774,0.04458740157480315,0.04040314960629922,0.04249527559055118
2024-03-06 22:15:37,147.66150064850322,266.791536251774,0.04458740157480315,0.04040314960629922,0.04249527559055118
2024-03-07 00:15:59,147.66150064850322,266.791536251774,0.04458740157480315,0.04040314960629922,0.04249527559055118
2024-03-07 02:16:19,147.66150064850322,266.791536251774,0.04458740157480315,0.04040314960629922,0.04249527559055118
2024-03-07 04:16:50,147.66150064850322,266.791536251774,0.04458740157480315,0.04040314960629922,0.04249527559055118
2024-03-07 06:17:13,147.66150064850322,266.791536251774,0.04458740157480315,0.04040314960629922,0.04249527559055118
2024-03-07 08:17:35,147.66150064850322,266.791536251774,0.04458740157480315,0.04040314960629922,0.04249527559055118
2024-03-08 09:09:44,147.66150064850322,266.791536251774,0.04458740157480315,0.04040314960629922,0.04249527559055118
2024-03-08 11:10:08,147.66150064850322,266.791536251774,0.04458740157480315,0.04040314960629922,0.04249527559055118
2024-03-08 13:10:30,147.66150064850322,266.791536251774,0.04458740157480315,0.04040314960629922,0.04249527559055118
2024-03-08 15:10:52,147.66150064850322,266.791536251774,0.04458740157480315,0.04040314960629922,0.04249527559055118
2024-03-08 17:11:14,147.66150064850322,266.791536251774,0.04458740157480315,0.04040314960629922,0.04249527559055118
2024-03-08 19:11:37,147.66150064850322,266.791536251774,0.04458740157480315,0.04040314960629922,0.04249527559055118
2024-03-08 21:12:01,147.66150064850322,266.791536251774,0.04458740157480315,0.04040314960629922,0.04249527559055118
2024-03-08 23:12:25,147.66150064850322,266.791536251774,0.04458740157480315,0.04040314960629922,0.04249527559055118
2024-03-09 01:12:47,147.66150064850322,266.791536251774,0.04458740157480315,0.04040314960629922,0.04249527559055118
2024-03-09 03:13:11,147.66150064850322,266.791536251774,0.04458740157480315,0.04040314960629922,0.04249527559055118
2024-03-09 05:13:35,147.66150064850322,266.791536251774,0.04458740157480315,0.04040314960629922,0.04249527559055118
2024-03-09 07:14:02,147.66150064850322,266.791536251774,0.04458740157480315,0.04040314960629922,0.04249527559055118
2024-03-09 09:14:26,147.66150064850322,266.791536251774,0.042683464566929126,0.039192125984251966,0.040937795275590536
2024-03-09 11:14:48,162.6997554514088,271.3425623752832,0.042683464566929126,0.039192125984251966,0.040937795275590536
2024-03-09 13:15:12,162.6997554514088,271.3425623752832,0.042683464566929126,0.039192125984251966,0.040937795275590536
2024-03-09 15:15:35,162.6997554514088,271.3425623752832,0.042683464566929126,0.039192125984251966,0.040937795275590536
2024-03-09 17:15:56,162.6997554514088,271.3425623752832,0.042683464566929126,0.039192125984251966,0.040937795275590536
2024-03-09 19:16:21,162.6997554514088,271.3425623752832,0.04316220472440943,0.039415223097112866,0.04128871391076114
2024-03-09 21:16:44,162.6997554514088,271.3425623752832,0.04316220472440943,0.039415223097112866,0.04128871391076114
2024-03-09 23:17:11,162.6997554514088,271.3425623752832,0.04316220472440943,0.039415223097112866,0.04128871391076114
2024-03-10 01:17:33,162.6997554514088,271.3425623752832,0.04316220472440943,0.039415223097112866,0.04128871391076114
2024-03-10 03:17:58,162.6997554514088,271.3425623752832,0.04316220472440943,0.039415223097112866,0.04128871391076114
2024-03-10 05:18:20,162.6997554514088,271.3425623752832,0.04316220472440943,0.039415223097112866,0.04128871391076114
2024-03-10 07:18:47,162.6997554514088,271.3425623752832,0.04316220472440943,0.039415223097112866,0.04128871391076114
2024-03-10 09:19:11,162.8127583289866,274.00985382032417,0.04312125984251966,0.039184251968503954,0.041152755905511804
2024-03-10 11:19:33,162.8127583289866,274.00985382032417,0.04312125984251966,0.039184251968503954,0.041152755905511804
2024-03-10 13:19:53,162.8127583289866,274.00985382032417,0.04467664041994749,0.03990446194225722,0.04229055118110236
2024-03-10 15:20:18,162.8127583289866,274.00985382032417,0.04467664041994749,0.03990446194225722,0.04229055118110236
2024-03-10 17:20:45,162.8127583289866,274.00985382032417,0.04467664041994749,0.03990446194225722,0.04229055118110236
2024-03-10 19:21:07,162.8127583289866,274.00985382032417,0.04467664041994749,0.03990446194225722,0.04229055118110236
2024-03-10 21:21:32,162.8127583289866,274.00985382032417,0.04467664041994749,0.03990446194225722,0.04229055118110236
2024-03-10 23:21:54,162.8127583289866,274.00985382032417,0.044781627296587904,0.040691863517060375,0.04273674540682416
2024-03-11 01:22:19,162.8127583289866,274.00985382032417,0.044781627296587904,0.040691863517060375,0.04273674540682416
2024-03-11 03:22:39,162.8127583289866,274.00985382032417,0.044781627296587904,0.040691863517060375,0.04273674540682416
2024-03-11 05:23:06,162.8127583289866,274.00985382032417,0.04459790026246717,0.04061312335958006,0.04260551181102363
2024-03-11 07:23:27,162.8127583289866,274.00985382032417,0.04459790026246717,0.04061312335958006,0.04260551181102363
2024-03-11 09:23:55,168.61572532557014,276.4052860274477,0.0435763779527559,0.03676377952755906,0.04017007874015748
2024-03-11 11:24:19,168.61572532557014,276.4052860274477,0.04396902887139107,0.0375490813648294,0.04075905511811025
2024-03-11 13:24:42,168.61572532557014,276.4052860274477,0.04396902887139107,0.0375490813648294,0.04075905511811025
2024-03-11 15:25:05,168.61572532557014,276.4052860274477,0.04394278215223098,0.037496587926509194,0.0407196850393701
2024-03-11 17:25:32,168.61572532557014,276.4052860274477,0.04394278215223098,0.037496587926509194,0.0407196850393701
2024-03-11 19:25:55,168.61572532557014,276.4052860274477,0.04383779527559055,0.03765406824146981,0.040745931758530196
2024-03-11 21:26:19,168.61572532557014,276.4052860274477,0.04383779527559055,0.03765406824146981,0.040745931758530196
2024-03-11 23:26:42,168.61572532557014,276.4052860274477,0.04386404199475065,0.03731286089238846,0.040588451443569554
2024-03-12 01:27:07,168.61572532557014,276.4052860274477,0.04386404199475065,0.03731286089238846,0.040588451443569554
2024-03-12 03:27:28,168.61572532557014,276.4052860274477,0.04386404199475065,0.03731286089238846,0.040588451443569554
2024-03-12 05:27:50,168.61572532557014,276.4052860274477,0.043654068241469814,0.03744409448818897,0.040549081364829404
2024-03-12 07:28:16,168.61572532557014,276.4052860274477,0.045162204724409474,0.037601574803149594,0.04138188976377951
2024-03-12 09:28:39,156.1857290292489,269.0344428429477,0.04511181102362205,0.03713070866141733,0.04112125984251968
2024-03-12 11:29:00,156.1857290292489,269.0344428429477,0.04511181102362205,0.03713070866141733,0.04112125984251968
2024-03-12 13:29:23,156.1857290292489,269.0344428429477,0.04511181102362205,0.03713070866141733,0.04112125984251968
2024-03-12 15:29:45,156.1857290292489,269.0344428429477,0.04511181102362205,0.03713070866141733,0.04112125984251968
2024-03-12 17:30:08,156.1857290292489,269.0344428429477,0.04511181102362205,0.03713070866141733,0.04112125984251968
2024-03-12 19:30:32,156.1857290292489,269.0344428429477,0.04511181102362205,0.03713070866141733,0.04112125984251968
2024-03-12 21:30:55,156.1857290292489,269.0344428429477,0.04511181102362205,0.03713070866141733,0.04112125984251968
2024-03-12 23:31:18,156.1857290292489,269.0344428429477,0.04511181102362205,0.03713070866141733,0.04112125984251968
2024-03-13 01:31:40,156.1857290292489,269.0344428429477,0.04511181102362205,0.03713070866141733,0.04112125984251968
2024-03-13 03:32:02,156.1857290292489,269.0344428429477,0.04511181102362205,0.03713070866141733,0.04112125984251968
2024-03-13 05:32:24,156.1857290292489,269.0344428429477,0.04511181102362205,0.03713070866141733,0.04112125984251968
2024-03-13 07:32:46,156.1857290292489,269.0344428429477,0.04398897637795275,0.03673543307086615,0.04036220472440945
2024-03-13 09:33:07,147.82411962661874,273.17245247729363,0.044833070866141744,0.03654645669291338,0.04068976377952755
2024-03-13 11:33:32,147.82411962661874,273.17245247729363,0.044833070866141744,0.03654645669291338,0.04068976377952755
2024-03-13 13:34:01,147.82411962661874,273.17245247729363,0.044833070866141744,0.03654645669291338,0.04068976377952755
2024-03-13 15:34:26,147.82411962661874,273.17245247729363,0.044833070866141744,0.03654645669291338,0.04068976377952755
2024-03-13 17:34:48,147.82411962661874,273.17245247729363,0.044833070866141744,0.03654645669291338,0.04068976377952755
2024-03-13 19:35:10,147.82411962661874,273.17245247729363,0.044833070866141744,0.03654645669291338,0.04068976377952755
2024-03-13 21:35:31,147.82411962661874,273.17245247729363,0.044833070866141744,0.03654645669291338,0.04068976377952755
2024-03-13 23:35:53,147.82411962661874,273.17245247729363,0.044833070866141744,0.03654645669291338,0.04068976377952755
2024-03-14 01:36:15,147.82411962661874,273.17245247729363,0.044833070866141744,0.03654645669291338,0.04068976377952755
2024-03-14 03:36:36,147.82411962661874,273.17245247729363,0.044833070866141744,0.03654645669291338,0.04068976377952755
2024-03-14 05:37:02,147.82411962661874,273.17245247729363,0.044833070866141744,0.03654645669291338,0.04068976377952755
2024-03-14 07:37:23,147.81241705615508,266.2322296986146,0.04511968503937008,0.03777322834645669,0.04144645669291338
2024-03-14 09:37:46,136.61355697452566,266.2322296986146,0.04511968503937008,0.03777322834645669,0.04144645669291338
2024-03-14 11:38:08,136.61355697452566,266.2322296986146,0.04511968503937008,0.03777322834645669,0.04144645669291338
2024-03-14 13:38:28,136.61355697452566,266.2322296986146,0.04511968503937008,0.03777322834645669,0.04144645669291338
2024-03-14 15:38:49,136.61355697452566,266.2322296986146,0.04511968503937008,0.03777322834645669,0.04144645669291338
2024-03-14 17:39:11,136.61355697452566,266.2322296986146,0.04511968503937008,0.03777322834645669,0.04144645669291338
2024-03-14 19:39:32,136.61355697452566,266.2322296986146,0.04511968503937008,0.03777322834645669,0.04144645669291338
2024-03-14 21:39:56,136.61355697452566,266.2322296986146,0.04511968503937008,0.03777322834645669,0.04144645669291338
2024-03-14 23:40:20,136.61355697452566,266.2322296986146,0.04511968503937008,0.03777322834645669,0.04144645669291338
2024-03-15 01:40:40,136.61355697452566,266.2322296986146,0.04511968503937008,0.03777322834645669,0.04144645669291338
2024-03-15 03:41:03,136.61355697452566,266.2322296986146,0.04511968503937008,0.03777322834645669,0.04144645669291338
2024-03-15 05:41:26,136.61355697452566,266.2322296986146,0.04511968503937008,0.03777322834645669,0.04144645669291338
2024-03-15 07:41:50,136.61355697452566,266.2322296986146,0.04511968503937008,0.03777322834645669,0.04144645669291338
2024-03-15 09:42:11,136.61355697452566,266.2322296986146,0.04511968503937008,0.03777322834645669,0.04144645669291338
2024-03-15 11:42:32,152.07704037952362,271.29780249938517,0.04612755905511811,0.03687401574803148,0.04150078740157481
2024-03-15 13:42:54,152.07704037952362,271.29780249938517,0.046582152230971126,0.03775958005249343,0.042170866141732294
2024-03-15 15:43:17,152.07704037952362,271.29780249938517,0.046582152230971126,0.03775958005249343,0.042170866141732294
2024-03-15 17:43:40,152.07704037952362,271.29780249938517,0.046582152230971126,0.03775958005249343,0.042170866141732294
2024-03-15 19:44:03,152.07704037952362,271.29780249938517,0.046582152230971126,0.03775958005249343,0.042170866141732294
2024-03-15 21:44:26,152.07704037952362,271.29780249938517,0.046582152230971126,0.03775958005249343,0.042170866141732294
2024-03-15 23:44:48,152.07704037952362,271.29780249938517,0.046582152230971126,0.03775958005249343,0.042170866141732294
2024-03-16 01:45:11,152.07704037952362,271.29780249938517,0.046524409448818894,0.038504461942257207,0.04251443569553806
2024-03-16 03:45:32,152.07704037952362,271.29780249938517,0.046524409448818894,0.038504461942257207,0.04251443569553806
2024-03-16 05:45:55,152.07704037952362,271.29780249938517,0.046524409448818894,0.038504461942257207,0.04251443569553806
2024-03-16 07:46:15,152.07704037952362,271.29780249938517,0.04880314960629918,0.0401795275590551,0.04452125984251966
2024-03-16 09:46:37,145.10895070745516,268.83484025618344,0.04850708661417319,0.03996692913385827,0.04423700787401572
2024-03-16 11:46:58,145.10895070745516,268.83484025618344,0.04850708661417319,0.03996692913385827,0.04423700787401572
2024-03-16 13:47:21,145.10895070745516,268.83484025618344,0.04850708661417319,0.03996692913385827,0.04423700787401572
2024-03-16 15:47:44,145.10895070745516,268.83484025618344,0.04850708661417319,0.03996692913385827,0.04423700787401572
2024-03-16 17:48:05,145.10895070745516,268.83484025618344,0.04850708661417319,0.03996692913385827,0.04423700787401572
2024-03-16 19:48:29,145.10895070745516,268.83484025618344,0.04850708661417319,0.03996692913385827,0.04423700787401572
2024-03-16 21:48:51,145.10895070745516,268.83484025618344,0.04850708661417319,0.03996692913385827,0.04423700787401572
2024-03-16 23:49:14,145.10895070745516,268.83484025618344,0.04850708661417319,0.03996692913385827,0.04423700787401572
2024-03-17 01:49:37,145.10895070745516,268.83484025618344,0.04850708661417319,0.03996692913385827,0.04423700787401572
2024-03-17 03:49:58,145.10895070745516,268.83484025618344,0.04850708661417319,0.03996692913385827,0.04423700787401572
2024-03-17 05:50:19,145.10895070745516,268.83484025618344,0.04850708661417319,0.03996692913385827,0.04423700787401572
2024-03-17 07:50:40,145.10895070745516,268.83484025618344,0.04850708661417319,0.03996692913385827,0.04423700787401572
2024-03-17 09:51:01,145.10895070745516,254.8901705905463,0.04850708661417319,0.03996692913385827,0.04423700787401572
2024-03-17 11:51:23,152.57104773801316,254.8901705905463,0.04850708661417319,0.03996692913385827,0.04423700787401572
2024-03-17 13:51:45,152.57104773801316,254.8901705905463,0.04850708661417319,0.03996692913385827,0.04423700787401572
2024-03-17 15:52:07,152.57104773801316,254.8901705905463,0.04667349081364826,0.04006981627296588,0.04337165354330706
2024-03-17 17:52:28,152.57104773801316,254.8901705905463,0.04667349081364826,0.04006981627296588,0.04337165354330706
2024-03-17 19:52:49,152.57104773801316,254.8901705905463,0.04672598425196847,0.040096062992125994,0.04341102362204721
2024-03-17 21:53:10,152.57104773801316,254.8901705905463,0.04672598425196847,0.040096062992125994,0.04341102362204721
2024-03-17 23:53:32,152.57104773801316,254.8901705905463,0.04672598425196847,0.040096062992125994,0.04341102362204721
2024-03-18 01:53:55,152.57104773801316,254.8901705905463,0.04853333333333331,0.04204199475065618,0.04528766404199472
2024-03-18 03:54:16,152.57104773801316,254.8901705905463,0.04853333333333331,0.04204199475065618,0.04528766404199472
2024-03-18 05:54:36,152.57104773801316,254.8901705905463,0.04845459317585298,0.04222572178477692,0.04534015748031493
2024-03-18 07:54:57,149.78711900111662,267.9186367491605,0.04438267716535431,0.03657952755905515,0.040481102362204736
2024-03-18 09:55:17,149.78711900111662,267.9186367491605,0.04468661417322833,0.037300787401574845,0.04099370078740158
2024-03-18 11:55:37,149.78711900111662,267.9186367491605,0.04466036745406822,0.037064566929133895,0.04086246719160106
2024-03-18 13:55:59,149.78711900111662,267.9186367491605,0.04466036745406822,0.037064566929133895,0.04086246719160106
2024-03-18 15:56:21,149.78711900111662,267.9186367491605,0.04466036745406822,0.037064566929133895,0.04086246719160106
2024-03-18 17:56:43,149.78711900111662,267.9186367491605,0.04466036745406822,0.037064566929133895,0.04086246719160106
2024-03-18 19:57:04,149.78711900111662,267.9186367491605,0.04489658792650917,0.037195800524934416,0.04104619422572178
2024-03-18 21:57:24,149.78711900111662,267.9186367491605,0.04489658792650917,0.037195800524934416,0.04104619422572178
2024-03-18 23:57:46,149.78711900111662,267.9186367491605,0.04500157480314958,0.03701207349081368,0.04100682414698163
2024-03-19 01:58:07,149.78711900111662,267.9186367491605,0.04500157480314958,0.03701207349081368,0.04100682414698163
2024-03-19 03:58:31,149.78711900111662,267.9186367491605,0.04494908136482938,0.036828346456692945,0.040888713910761175
2024-03-19 05:58:55,149.78711900111662,267.9186367491605,0.04494908136482938,0.036828346456692945,0.040888713910761175
2024-03-19 07:59:18,149.78711900111662,267.9186367491605,0.044559055118110216,0.037540157480314966,0.0410496062992126
2024-03-19 09:59:39,166.80783306649798,266.696109408966,0.045173228346456665,0.038664566929133844,0.04191889763779525
2024-03-19 12:00:03,166.80783306649798,266.696109408966,0.045173228346456665,0.038664566929133844,0.04191889763779525
2024-03-19 14:00:27,166.80783306649798,266.696109408966,0.045173228346456665,0.038664566929133844,0.04191889763779525
2024-03-19 16:00:56,166.80783306649798,266.696109408966,0.045173228346456665,0.038664566929133844,0.04191889763779525
2024-03-19 18:01:18,166.80783306649798,266.696109408966,0.045173228346456665,0.038664566929133844,0.04191889763779525
2024-03-19 20:01:39,166.80783306649798,266.696109408966,0.045173228346456665,0.038664566929133844,0.04191889763779525
2024-03-19 22:02:04,166.80783306649798,266.696109408966,0.045173228346456665,0.038664566929133844,0.04191889763779525
2024-03-20 00:02:27,166.80783306649798,266.696109408966,0.045173228346456665,0.038664566929133844,0.04191889763779525
2024-03-20 02:02:50,166.80783306649798,266.696109408966,0.045173228346456665,0.038664566929133844,0.04191889763779525
2024-03-20 04:03:09,166.80783306649798,266.696109408966,0.045173228346456665,0.038664566929133844,0.04191889763779525
2024-03-20 06:03:31,166.80783306649798,266.696109408966,0.045173228346456665,0.038664566929133844,0.04191889763779525
2024-03-20 08:03:55,166.80783306649798,266.696109408966,0.045173228346456665,0.038664566929133844,0.04191889763779525
2024-03-20 10:04:17,166.80783306649798,266.696109408966,0.045173228346456665,0.038664566929133844,0.04191889763779525
2024-03-20 12:04:40,166.80783306649798,266.696109408966,0.04257322834645668,0.03628503937007874,0.03942677165354331
2024-03-20 14:05:01,166.80783306649798,266.696109408966,0.04257322834645668,0.03628503937007874,0.03942677165354331
2024-03-20 16:05:23,144.75939837777864,263.60704403780693,0.042921259842519696,0.03584094488188976,0.03938110236220474
2024-03-20 18:05:44,144.75939837777864,263.60704403780693,0.042921259842519696,0.03584094488188976,0.03938110236220474
2024-03-20 20:06:04,144.75939837777864,263.60704403780693,0.042921259842519696,0.03584094488188976,0.03938110236220474
2024-03-20 22:06:25,144.75939837777864,263.60704403780693,0.042921259842519696,0.03584094488188976,0.03938110236220474
2024-03-21 00:06:46,144.75939837777864,263.60704403780693,0.042921259842519696,0.03584094488188976,0.03938110236220474
2024-03-21 02:07:08,144.75939837777864,263.60704403780693,0.042921259842519696,0.03584094488188976,0.03938110236220474
2024-03-21 04:07:30,144.75939837777864,263.60704403780693,0.042921259842519696,0.03584094488188976,0.03938110236220474
2024-03-21 06:07:51,144.75939837777864,263.60704403780693,0.042921259842519696,0.03584094488188976,0.03938110236220474
2024-03-21 08:08:15,169.01104955540467,266.87908833996545,0.042474015748031474,0.03560787401574804,0.039040944881889784
2024-03-21 10:08:39,169.01104955540467,266.87908833996545,0.042474015748031474,0.03560787401574804,0.039040944881889784
2024-03-21 12:09:02,169.01104955540467,266.87908833996545,0.042474015748031474,0.03560787401574804,0.039040944881889784
2024-03-21 14:09:24,169.01104955540467,266.87908833996545,0.042474015748031474,0.03560787401574804,0.039040944881889784
2024-03-21 16:09:48,169.01104955540467,266.87908833996545,0.042474015748031474,0.03560787401574804,0.039040944881889784
2024-03-21 18:10:10,169.01104955540467,266.87908833996545,0.042474015748031474,0.03560787401574804,0.039040944881889784
2024-03-21 20:10:32,169.01104955540467,266.87908833996545,0.042474015748031474,0.03560787401574804,0.039040944881889784
2024-03-21 22:10:53,169.01104955540467,266.87908833996545,0.042474015748031474,0.03560787401574804,0.039040944881889784
2024-03-22 00:11:13,169.01104955540467,266.87908833996545,0.042474015748031474,0.03560787401574804,0.039040944881889784
2024-03-22 02:11:33,169.01104955540467,266.87908833996545,0.042474015748031474,0.03560787401574804,0.039040944881889784
2024-03-22 04:11:55,169.01104955540467,266.87908833996545,0.042474015748031474,0.03560787401574804,0.039040944881889784
2024-03-22 06:12:17,169.01104955540467,266.87908833996545,0.042474015748031474,0.03560787401574804,0.039040944881889784
2024-03-22 08:12:41,180.6725678436057,275.8869515803603,0.042291338582677154,0.03632283464566929,0.03930708661417323
2024-03-22 10:13:02,180.6725678436057,275.8869515803603,0.042291338582677154,0.03632283464566929,0.03930708661417323
2024-03-22 12:13:23,180.6725678436057,275.8869515803603,0.042291338582677154,0.03632283464566929,0.03930708661417323
2024-03-22 14:13:43,180.6725678436057,275.8869515803603,0.042291338582677154,0.03632283464566929,0.03930708661417323
2024-03-22 16:14:05,180.6725678436057,275.8869515803603,0.042291338582677154,0.03632283464566929,0.03930708661417323
2024-03-22 18:14:25,180.6725678436057,275.8869515803603,0.042291338582677154,0.03632283464566929,0.03930708661417323
2024-03-22 20:14:46,180.6725678436057,275.8869515803603,0.042291338582677154,0.03632283464566929,0.03930708661417323
2024-03-22 22:15:07,180.6725678436057,275.8869515803603,0.042291338582677154,0.03632283464566929,0.03930708661417323
2024-03-23 00:15:28,180.6725678436057,275.8869515803603,0.042291338582677154,0.03632283464566929,0.03930708661417323
2024-03-23 02:15:51,180.6725678436057,275.8869515803603,0.042291338582677154,0.03632283464566929,0.03930708661417323
2024-03-23 04:16:11,180.6725678436057,275.8869515803603,0.042291338582677154,0.03632283464566929,0.03930708661417323
2024-03-23 06:16:35,180.6725678436057,275.8869515803603,0.042291338582677154,0.03632283464566929,0.03930708661417323
2024-03-23 08:16:58,182.1280230745549,281.1856443530407,0.042291338582677154,0.03632283464566929,0.03930708661417323
2024-03-23 10:17:20,182.1280230745549,281.1856443530407,0.042291338582677154,0.03632283464566929,0.03930708661417323
2024-03-23 12:17:43,182.1280230745549,281.1856443530407,0.04467244094488188,0.03735905511811023,0.04101574803149607
2024-03-23 14:18:07,182.1280230745549,281.1856443530407,0.04467244094488188,0.03735905511811023,0.04101574803149607
2024-03-23 16:18:29,182.1280230745549,281.1856443530407,0.04467244094488188,0.03735905511811023,0.04101574803149607
2024-03-23 18:18:51,182.1280230745549,281.1856443530407,0.04467244094488188,0.03735905511811023,0.04101574803149607
2024-03-23 20:19:13,182.1280230745549,281.1856443530407,0.04467244094488188,0.03735905511811023,0.04101574803149607
2024-03-23 22:19:36,182.1280230745549,281.1856443530407,0.04467244094488188,0.03735905511811023,0.04101574803149607
2024-03-24 00:19:58,182.1280230745549,281.1856443530407,0.04467244094488188,0.03735905511811023,0.04101574803149607
2024-03-24 02:20:22,182.1280230745549,281.1856443530407,0.04467244094488188,0.03735905511811023,0.04101574803149607
2024-03-24 04:20:46,182.1280230745549,281.1856443530407,0.04467244094488188,0.03735905511811023,0.04101574803149607
2024-03-24 06:21:08,182.1280230745549,281.1856443530407,0.04467244094488188,0.03735905511811023,0.04101574803149607
2024-03-24 08:21:31,152.4282540424344,276.6320935171077,0.046722834645669266,0.03901102362204724,0.042866929133858256
2024-03-24 10:21:55,152.4282540424344,276.6320935171077,0.046722834645669266,0.03901102362204724,0.042866929133858256
2024-03-24 12:22:18,152.4282540424344,276.6320935171077,0.046722834645669266,0.03901102362204724,0.042866929133858256
2024-03-24 14:22:39,152.4282540424344,276.6320935171077,0.046722834645669266,0.03901102362204724,0.042866929133858256
2024-03-24 16:23:02,152.4282540424344,276.6320935171077,0.046722834645669266,0.03901102362204724,0.042866929133858256
2024-03-24 18:23:26,152.4282540424344,276.6320935171077,0.046722834645669266,0.03901102362204724,0.042866929133858256
2024-03-24 20:23:50,152.4282540424344,276.6320935171077,0.046722834645669266,0.03901102362204724,0.042866929133858256
2024-03-24 22:24:13,152.4282540424344,276.6320935171077,0.046722834645669266,0.03901102362204724,0.042866929133858256
2024-03-25 00:24:36,152.4282540424344,276.6320935171077,0.046722834645669266,0.03901102362204724,0.042866929133858256
2024-03-25 02:24:59,152.4282540424344,276.6320935171077,0.046722834645669266,0.03901102362204724,0.042866929133858256
2024-03-25 04:25:21,152.4282540424344,276.6320935171077,0.046722834645669266,0.03901102362204724,0.042866929133858256
2024-03-25 06:25:45,152.4282540424344,276.6320935171077,0.046722834645669266,0.03901102362204724,0.042866929133858256
2024-03-25 08:26:08,152.4282540424344,276.6320935171077,0.046722834645669266,0.03901102362204724,0.042866929133858256
2024-03-25 10:26:30,152.4282540424344,276.6320935171077,0.046722834645669266,0.03901102362204724,0.042866929133858256
2024-03-25 12:26:53,152.4282540424344,276.6320935171077,0.046722834645669266,0.03901102362204724,0.042866929133858256
2024-03-25 14:27:18,152.4282540424344,276.6320935171077,0.046722834645669266,0.03901102362204724,0.042866929133858256
2024-03-25 16:27:38,152.4282540424344,276.6320935171077,0.046722834645669266,0.03901102362204724,0.042866929133858256
2024-03-25 18:27:59,152.4282540424344,276.6320935171077,0.046722834645669266,0.03901102362204724,0.042866929133858256
2024-03-25 20:28:23,152.4282540424344,276.6320935171077,0.046722834645669266,0.03901102362204724,0.042866929133858256
2024-03-25 22:28:43,152.4282540424344,276.6320935171077,0.046722834645669266,0.03901102362204724,0.042866929133858256
2024-03-26 00:29:03,152.4282540424344,276.6320935171077,0.046722834645669266,0.03901102362204724,0.042866929133858256
2024-03-26 02:29:23,152.4282540424344,276.6320935171077,0.046722834645669266,0.03901102362204724,0.042866929133858256
2024-03-26 04:29:45,152.4282540424344,276.6320935171077,0.046722834645669266,0.03901102362204724,0.042866929133858256
2024-03-26 06:30:06,152.4282540424344,276.6320935171077,0.043540682414698134,0.03779632545931758,0.04066850393700787
2024-03-26 08:30:28,134.44879984622344,274.9676649994273,0.04333753280839897,0.037577952755905496,0.040457742782152244
2024-03-26 10:30:51,134.44879984622344,274.9676649994273,0.043626246719160114,0.037446719160104974,0.04053648293963256
2024-03-26 12:31:12,134.44879984622344,274.9676649994273,0.0441249343832021,0.037315485564304446,0.040720209973753294
2024-03-26 14:31:35,134.44879984622344,274.9676649994273,0.04383622047244096,0.03715800524934382,0.040497112860892394
2024-03-26 16:31:57,134.44879984622344,274.9676649994273,0.04336955380577429,0.03781837270341206,0.04059396325459319
2024-03-26 18:32:21,134.44879984622344,274.9676649994273,0.04336955380577429,0.03781837270341206,0.04059396325459319
2024-03-26 20:32:42,134.44879984622344,274.9676649994273,0.04336955380577429,0.03781837270341206,0.04059396325459319
2024-03-26 22:33:03,134.44879984622344,274.9676649994273,0.0439994750656168,0.03742467191601048,0.04071207349081367
2024-03-27 00:33:24,134.44879984622344,274.9676649994273,0.0447265091863517,0.03987769028871389,0.042302099737532815
2024-03-27 02:33:46,134.44879984622344,274.9676649994273,0.04472650918635171,0.0388803149606299,0.04180341207349082
2024-03-27 04:34:06,134.44879984622344,274.9676649994273,0.044674015748031495,0.03972020997375326,0.0421971128608924
2024-03-27 06:34:28,134.44879984622344,274.9676649994273,0.04441994750656167,0.03917112860892386,0.04179553805774278
2024-03-27 08:34:48,134.13581546483698,274.9712913503888,0.04454015748031496,0.03946141732283464,0.0420007874015748
2024-03-27 10:35:09,134.13581546483698,274.9712913503888,0.04454015748031496,0.03946141732283464,0.0420007874015748
2024-03-27 12:35:30,134.13581546483698,274.9712913503888,0.04454015748031496,0.03946141732283464,0.0420007874015748
2024-03-27 14:35:52,134.13581546483698,274.9712913503888,0.04454015748031496,0.03946141732283464,0.0420007874015748
2024-03-27 16:36:15,134.13581546483698,274.9712913503888,0.04454015748031496,0.03946141732283464,0.0420007874015748
2024-03-27 18:36:34,134.13581546483698,274.9712913503888,0.04454015748031496,0.03946141732283464,0.0420007874015748
2024-03-27 20:36:53,134.13581546483698,274.9712913503888,0.04454015748031496,0.03946141732283464,0.0420007874015748
2024-03-27 22:37:15,134.13581546483698,274.9712913503888,0.04454015748031496,0.03946141732283464,0.0420007874015748
2024-03-28 00:37:35,134.13581546483698,274.9712913503888,0.04454015748031496,0.03946141732283464,0.0420007874015748
2024-03-28 02:37:54,134.13581546483698,274.9712913503888,0.04454015748031496,0.03946141732283464,0.0420007874015748
2024-03-28 04:38:16,134.13581546483698,274.9712913503888,0.04454015748031496,0.03946141732283464,0.0420007874015748
2024-03-28 06:38:38,135.45493005958323,264.1401630999926,0.044984776902887144,0.040443044619422566,0.04271391076115484
2024-03-28 08:39:01,135.45493005958323,264.1401630999926,0.04490603674540683,0.04054803149606299,0.0427270341207349
2024-03-28 10:39:22,135.45493005958323,264.1401630999926,0.04490603674540683,0.04054803149606299,0.0427270341207349
2024-03-28 12:39:46,135.45493005958323,264.1401630999926,0.0447748031496063,0.04004934383202099,0.042412073490813634
2024-03-28 14:40:08,135.45493005958323,264.1401630999926,0.045704461942257225,0.04117112860892388,0.04343779527559055
2024-03-28 16:40:32,135.45493005958323,264.1401630999926,0.04960472440944883,0.045386876640419946,0.04749580052493437
2024-03-28 18:40:55,135.45493005958323,264.1401630999926,0.050237270341207355,0.04535118110236221,0.04779422572178476
2024-03-28 20:41:19,135.45493005958323,264.1401630999926,0.05123464566929135,0.04683412073490812,0.04903438320209974
2024-03-28 22:41:42,135.45493005958323,264.1401630999926,0.05123464566929135,0.04683412073490812,0.04903438320209974
2024-03-29 00:42:05,135.45493005958323,264.1401630999926,0.05123464566929135,0.04683412073490812,0.04903438320209974
2024-03-29 02:42:27,135.45493005958323,264.1401630999926,0.04963359580052493,0.048198950131233584,0.04891627296587925
2024-03-29 04:42:48,135.45493005958323,264.1401630999926,0.04963359580052493,0.048198950131233584,0.04891627296587925
2024-03-29 06:43:11,135.45493005958323,264.1401630999926,0.049974803149606305,0.047621522309711284,0.048798162729658784
2024-03-29 08:43:34,146.49601015782486,266.99252354856264,0.044787401574803175,0.03614803149606298,0.04046771653543306
2024-03-29 10:43:57,146.49601015782486,266.99252354856264,0.044787401574803175,0.03614803149606298,0.04046771653543306
2024-03-29 12:44:20,146.49601015782486,266.99252354856264,0.04651076115485567,0.040545931758530177,0.0435283464566929
2024-03-29 14:44:50,146.49601015782486,266.99252354856264,0.04598582677165356,0.04030971128608922,0.04314776902887137
2024-03-29 16:45:13,146.49601015782486,266.99252354856264,0.04598582677165356,0.04030971128608922,0.04314776902887137
2024-03-29 18:45:36,146.49601015782486,266.99252354856264,0.04598582677165356,0.04030971128608922,0.04314776902887137
2024-03-29 20:45:59,146.49601015782486,266.99252354856264,0.04598582677165356,0.04030971128608922,0.04314776902887137
2024-03-29 22:46:22,146.49601015782486,266.99252354856264,0.048517060367454096,0.04078950131233595,0.044653280839895
2024-03-30 00:46:46,146.49601015782486,266.99252354856264,0.04799212598425199,0.04144566929133856,0.04471889763779526
2024-03-30 02:47:10,146.49601015782486,266.99252354856264,0.048149606299212624,0.04157690288713911,0.04486325459317583
2024-03-30 04:47:33,146.49601015782486,266.99252354856264,0.04759842519685041,0.0410782152230971,0.04433832020997375
2024-03-30 06:47:57,146.49601015782486,266.99252354856264,0.04544881889763783,0.039832020997375296,0.04261916010498688
2024-03-30 08:48:20,146.49601015782486,266.99252354856264,0.04544881889763783,0.039832020997375296,0.04261916010498688
2024-03-30 10:48:44,167.4800649021018,265.9918039558985,0.04588241469816273,0.03693228346456691,0.04140734908136482
2024-03-30 12:49:06,167.4800649021018,265.9918039558985,0.04782152230971129,0.0388766404199475,0.04334908136482938
2024-03-30 14:49:29,167.4800649021018,265.9918039558985,0.04782152230971129,0.0388766404199475,0.04334908136482938
2024-03-30 16:49:52,167.4800649021018,265.9918039558985,0.04782152230971129,0.0388766404199475,0.04334908136482938
2024-03-30 18:50:18,167.4800649021018,265.9918039558985,0.04782152230971129,0.0388766404199475,0.04334908136482938
2024-03-30 20:50:40,167.4800649021018,265.9918039558985,0.04782152230971129,0.0388766404199475,0.04334908136482938
2024-03-30 22:51:02,167.4800649021018,265.9918039558985,0.04782152230971129,0.0388766404199475,0.04334908136482938
2024-03-31 00:51:24,167.4800649021018,265.9918039558985,0.04782152230971129,0.0388766404199475,0.04334908136482938
2024-03-31 03:00:42,167.4800649021018,265.9918039558985,0.04782152230971129,0.0388766404199475,0.04334908136482938
2024-03-31 05:01:03,167.4800649021018,265.9918039558985,0.04782152230971129,0.0388766404199475,0.04334908136482938
2024-03-31 07:01:23,167.4800649021018,265.9918039558985,0.04782152230971129,0.0388766404199475,0.04334908136482938
2024-03-31 09:01:43,167.4800649021018,265.9918039558985,0.04782152230971129,0.0388766404199475,0.04334908136482938
2024-03-31 11:02:03,167.4800649021018,265.9918039558985,0.04782152230971129,0.0388766404199475,0.04334908136482938
2024-03-31 13:02:23,167.4800649021018,265.9918039558985,0.04782152230971129,0.0388766404199475,0.04334908136482938
2024-03-31 15:02:43,167.4800649021018,265.9918039558985,0.04782152230971129,0.0388766404199475,0.04334908136482938
2024-03-31 17:03:05,167.4800649021018,265.9918039558985,0.04782152230971129,0.0388766404199475,0.04334908136482938
2024-03-31 19:03:25,143.8169144179316,256.9506828304504,0.04782152230971129,0.0388766404199475,0.04334908136482938
2024-03-31 21:03:49,143.8169144179316,256.9506828304504,0.04782152230971129,0.0388766404199475,0.04334908136482938
2024-03-31 23:04:11,143.8169144179316,256.9506828304504,0.04782152230971129,0.0388766404199475,0.04334908136482938
2024-04-01 01:04:34,143.8169144179316,256.9506828304504,0.04871916010498688,0.040672965879265076,0.04469606299212598
2024-04-01 03:04:58,143.8169144179316,256.9506828304504,0.04871916010498688,0.040672965879265076,0.04469606299212598
2024-04-01 05:05:20,143.8169144179316,256.9506828304504,0.050419422572178484,0.04316010498687662,0.046789763779527545
2024-04-01 07:05:42,143.8169144179316,256.9506828304504,0.05046404199475065,0.04036745406824148,0.045415748031496055
2024-04-01 09:06:04,143.8169144179316,256.9506828304504,0.05046404199475065,0.04036745406824148,0.045415748031496055
2024-04-01 11:06:26,168.3279775769059,265.5473154985751,0.04556220472440943,0.037181102362204725,0.041371653543307095
2024-04-01 13:06:50,168.3279775769059,265.5473154985751,0.04556220472440943,0.037181102362204725,0.041371653543307095
2024-04-01 15:07:11,168.3279775769059,265.5473154985751,0.04556220472440943,0.037181102362204725,0.041371653543307095
2024-04-01 17:07:34,168.3279775769059,265.5473154985751,0.04556220472440943,0.037181102362204725,0.041371653543307095
2024-04-01 19:07:55,168.3279775769059,265.5473154985751,0.04556220472440943,0.037181102362204725,0.041371653543307095
2024-04-01 21:08:16,168.3279775769059,265.5473154985751,0.04556220472440943,0.037181102362204725,0.041371653543307095
2024-04-01 23:08:36,168.3279775769059,265.5473154985751,0.04556220472440943,0.037181102362204725,0.041371653543307095
2024-04-02 01:08:55,168.3279775769059,265.5473154985751,0.04556220472440943,0.037181102362204725,0.041371653543307095
2024-04-02 03:09:15,168.3279775769059,265.5473154985751,0.04721417322834645,0.03989448818897639,0.04355433070866142
2024-04-02 05:09:35,168.3279775769059,265.5473154985751,0.04721417322834645,0.03989448818897639,0.04355433070866142
2024-04-02 07:09:56,168.3279775769059,265.5473154985751,0.04721417322834645,0.03989448818897639,0.04355433070866142
2024-04-02 09:10:16,168.3279775769059,263.257281265875,0.043163779527559065,0.03886614173228346,0.04101496062992123
2024-04-02 11:10:37,179.55187208837685,269.6651689723585,0.043163779527559065,0.03886614173228346,0.04101496062992123
2024-04-02 13:11:00,179.55187208837685,269.6651689723585,0.04412913385826773,0.041060892388451425,0.04259501312335957
2024-04-02 15:11:21,179.55187208837685,269.6651689723585,0.04412913385826773,0.041060892388451425,0.04259501312335957
2024-04-02 17:11:43,179.55187208837685,269.6651689723585,0.04412913385826773,0.041060892388451425,0.04259501312335957
2024-04-02 19:12:05,179.55187208837685,269.6651689723585,0.04412913385826773,0.041060892388451425,0.04259501312335957
2024-04-02 21:12:28,179.55187208837685,269.6651689723585,0.04412913385826773,0.041060892388451425,0.04259501312335957
2024-04-02 23:12:50,179.55187208837685,269.6651689723585,0.049602099737532816,0.045174803149606285,0.04738845144356953
2024-04-03 01:13:11,179.55187208837685,269.6651689723585,0.049602099737532816,0.045174803149606285,0.04738845144356953
2024-04-03 03:13:31,179.55187208837685,269.6651689723585,0.049602099737532816,0.045174803149606285,0.04738845144356953
2024-04-03 05:13:54,179.55187208837685,269.6651689723585,0.049602099737532816,0.045174803149606285,0.04738845144356953
2024-04-03 07:14:15,179.55187208837685,269.6651689723585,0.05540419947506564,0.04931758530183724,0.052360892388451444
2024-04-03 09:14:35,180.39059667393397,272.84939726333283,0.05540419947506564,0.04931758530183724,0.052360892388451444
2024-04-03 11:14:54,180.39059667393397,272.84939726333283,0.051992125984252,0.05215223097112859,0.05207217847769029
2024-04-03 13:15:18,180.39059667393397,272.84939726333283,0.051992125984252,0.05215223097112859,0.05207217847769029
2024-04-03 15:15:40,180.39059667393397,272.84939726333283,0.052198425196850425,0.05244041994750654,0.052319422572178476
2024-04-03 17:16:01,180.39059667393397,272.84939726333283,0.052198425196850425,0.05244041994750654,0.052319422572178476
2024-04-03 19:16:23,180.39059667393397,272.84939726333283,0.052198425196850425,0.05244041994750654,0.052319422572178476
2024-04-03 21:16:45,180.39059667393397,272.84939726333283,0.052198425196850425,0.05244041994750654,0.052319422572178476
2024-04-03 23:17:07,180.39059667393397,272.84939726333283,0.052198425196850425,0.05244041994750654,0.052319422572178476
2024-04-04 01:17:29,180.39059667393397,272.84939726333283,0.052198425196850425,0.05244041994750654,0.052319422572178476
2024-04-04 03:17:52,180.39059667393397,272.84939726333283,0.052198425196850425,0.05244041994750654,0.052319422572178476
2024-04-04 05:18:12,180.39059667393397,272.84939726333283,0.055298162729658804,0.05286824146981624,0.05408320209973753
2024-04-04 07:18:33,180.39059667393397,272.84939726333283,0.056140682414698176,0.055360629921259806,0.055750656167978994
2024-04-04 09:18:55,166.42060745831665,260.0898583249088,0.056140682414698176,0.055360629921259806,0.055750656167978994
2024-04-04 11:19:16,166.42060745831665,260.0898583249088,0.056140682414698176,0.055360629921259806,0.055750656167978994
2024-04-04 13:19:37,166.42060745831665,260.0898583249088,0.056140682414698176,0.055360629921259806,0.055750656167978994
2024-04-04 15:19:58,166.42060745831665,260.0898583249088,0.05411968503937009,0.058379002624671904,0.05624934383202098
2024-04-04 17:20:20,166.42060745831665,260.0898583249088,0.05406719160104987,0.05819527559055117,0.0561312335958005
2024-04-04 19:20:42,166.42060745831665,260.0898583249088,0.05406719160104987,0.05819527559055117,0.0561312335958005
2024-04-04 21:21:04,166.42060745831665,260.0898583249088,0.054489763779527564,0.059854068241469806,0.05717191601049867
2024-04-04 23:21:25,166.42060745831665,260.0898583249088,0.054489763779527564,0.059854068241469806,0.05717191601049867
2024-04-05 01:21:47,166.42060745831665,260.0898583249088,0.054489763779527564,0.059854068241469806,0.05717191601049867
2024-04-05 03:22:07,166.42060745831665,260.0898583249088,0.054489763779527564,0.059854068241469806,0.05717191601049867
2024-04-05 05:22:28,166.42060745831665,260.0898583249088,0.054489763779527564,0.059854068241469806,0.05717191601049867
2024-04-05 07:22:51,166.42060745831665,260.0898583249088,0.054489763779527564,0.059854068241469806,0.05717191601049867
2024-04-05 09:23:12,166.42060745831665,260.0898583249088,0.054489763779527564,0.059854068241469806,0.05717191601049867
2024-04-05 11:23:33,143.27390382242942,261.2469307573929,0.054489763779527564,0.059854068241469806,0.05717191601049867
2024-04-05 13:23:54,143.27390382242942,261.2469307573929,0.054489763779527564,0.059854068241469806,0.05717191601049867
2024-04-05 15:24:14,143.27390382242942,261.2469307573929,0.054489763779527564,0.059854068241469806,0.05717191601049867
2024-04-05 17:24:34,143.27390382242942,261.2469307573929,0.054489763779527564,0.059854068241469806,0.05717191601049867
2024-04-05 19:24:53,143.27390382242942,261.2469307573929,0.054489763779527564,0.059854068241469806,0.05717191601049867
2024-04-05 21:25:13,143.27390382242942,261.2469307573929,0.054489763779527564,0.059854068241469806,0.05717191601049867
2024-04-05 23:25:35,143.27390382242942,261.2469307573929,0.05393858267716537,0.059224146981627285,0.05658136482939631
2024-04-06 01:25:56,143.27390382242942,261.2469307573929,0.05393858267716537,0.059224146981627285,0.05658136482939631
2024-04-06 03:26:18,143.27390382242942,261.2469307573929,0.057219422572178484,0.05641574803149604,0.056817585301837246
2024-04-06 05:26:40,143.27390382242942,261.2469307573929,0.057219422572178484,0.05641574803149604,0.056817585301837246
2024-04-06 07:27:00,143.27390382242942,261.2469307573929,0.057219422572178484,0.05641574803149604,0.056817585301837246
2024-04-06 09:27:20,143.27390382242942,261.2469307573929,0.057219422572178484,0.05641574803149604,0.056817585301837246
2024-04-06 11:27:41,143.27390382242942,261.2469307573929,0.057219422572178484,0.05641574803149604,0.056817585301837246
2024-04-06 13:28:02,143.27390382242942,261.2469307573929,0.057219422572178484,0.05641574803149604,0.056817585301837246
2024-04-06 15:28:23,143.27390382242942,261.2469307573929,0.057219422572178484,0.05641574803149604,0.056817585301837246
2024-04-06 17:28:46,143.27390382242942,261.2469307573929,0.057219422572178484,0.05641574803149604,0.056817585301837246
2024-04-06 19:29:08,143.27390382242942,261.2469307573929,0.057219422572178484,0.05641574803149604,0.056817585301837246
2024-04-06 21:29:29,143.27390382242942,261.2469307573929,0.057219422572178484,0.05641574803149604,0.056817585301837246
2024-04-06 23:29:49,163.18284850678194,264.3678352843947,0.046664566929133865,0.04208031496062991,0.0443724409448819
2024-04-07 01:30:10,163.18284850678194,264.3678352843947,0.046664566929133865,0.04208031496062991,0.0443724409448819
2024-04-07 03:30:32,163.18284850678194,264.3678352843947,0.046664566929133865,0.04208031496062991,0.0443724409448819
2024-04-07 05:30:51,165.20651454804775,264.3678352843947,0.047865091863517055,0.04261312335958005,0.04523910761154857
2024-04-07 07:31:12,165.20651454804775,264.3678352843947,0.047865091863517055,0.04261312335958005,0.04523910761154857
2024-04-07 09:31:33,165.20651454804775,264.3678352843947,0.04656482939632546,0.045375328083989495,0.045970078740157475
2024-04-07 11:31:52,165.20651454804775,264.3678352843947,0.04656482939632546,0.045375328083989495,0.045970078740157475
2024-04-07 13:32:11,165.20651454804775,264.3678352843947,0.04656482939632546,0.045375328083989495,0.045970078740157475
2024-04-07 15:32:31,165.20651454804775,264.3678352843947,0.04656482939632546,0.045375328083989495,0.045970078740157475
2024-04-07 17:33:52,165.20651454804775,264.3678352843947,0.04656482939632546,0.045375328083989495,0.045970078740157475
2024-04-07 19:34:19,165.20651454804775,264.3678352843947,0.04656482939632546,0.045375328083989495,0.045970078740157475
2024-04-07 21:34:38,165.20651454804775,264.3678352843947,0.04656482939632546,0.045375328083989495,0.045970078740157475
2024-04-07 23:34:58,165.20651454804775,264.3678352843947,0.04656482939632546,0.045375328083989495,0.045970078740157475
2024-04-08 01:35:21,165.20651454804775,264.3678352843947,0.04656482939632546,0.045375328083989495,0.045970078740157475
2024-04-08 03:35:41,167.17387007468577,265.01074297570057,0.051365354330708664,0.039880839895013113,0.045623097112860875
2024-04-08 05:36:01,167.17387007468577,265.01074297570057,0.051365354330708664,0.039880839895013113,0.045623097112860875
2024-04-08 07:36:20,167.17387007468577,265.01074297570057,0.051365354330708664,0.039880839895013113,0.045623097112860875
2024-04-08 09:36:39,167.17387007468577,265.01074297570057,0.051365354330708664,0.039880839895013113,0.045623097112860875
2024-04-08 11:37:00,167.17387007468577,265.01074297570057,0.051365354330708664,0.039880839895013113,0.045623097112860875
2024-04-08 13:37:22,167.17387007468577,265.01074297570057,0.051365354330708664,0.039880839895013113,0.045623097112860875
2024-04-08 15:37:43,167.17387007468577,265.01074297570057,0.05750656167979002,0.040248293963254585,0.0488774278215223
2024-04-08 17:38:03,167.17387007468577,265.01074297570057,0.05898057742782152,0.04231916010498686,0.050649868766404205
2024-04-08 19:38:24,167.17387007468577,265.01074297570057,0.05898057742782152,0.04231916010498686,0.050649868766404205
2024-04-08 21:38:46,167.17387007468577,270.0640729210766,0.04570236220472438,0.04417322834645669,0.04493779527559054
2024-04-08 23:39:06,166.25748055142617,270.0640729210766,0.04652965879265089,0.04578530183727034,0.046157480314960614
2024-04-09 01:39:27,166.25748055142617,270.0640729210766,0.04652965879265089,0.04578530183727034,0.046157480314960614
2024-04-09 03:39:47,166.25748055142617,270.0640729210766,0.046608398950131205,0.045365354330708665,0.045986876640419935
2024-04-09 05:40:08,166.25748055142617,270.0640729210766,0.04726509186351704,0.04660997375328085,0.04693753280839894
2024-04-09 07:40:30,166.25748055142617,270.0640729210766,0.047317585301837245,0.046977427821522325,0.04714750656167977
2024-04-09 09:40:50,166.25748055142617,270.0640729210766,0.047317585301837245,0.046977427821522325,0.04714750656167977
2024-04-09 11:41:14,166.36969023027348,265.82629615829194,0.048577952755905526,0.03776535433070868,0.043171653543307084
2024-04-09 13:41:36,166.36969023027348,265.82629615829194,0.048577952755905526,0.03776535433070868,0.043171653543307084
2024-04-09 15:41:56,164.8433140122771,265.82629615829194,0.048577952755905526,0.03776535433070868,0.043171653543307084
