2024-05-21 20:39:43,0.0002110316956617,0.0090429246050075,5.0,1.0,1.0,0.0,15.0,0.01003353381668039,0.006663155549700046
2024-05-21 22:40:05,0.0002110316956617,0.0090429246050075,10.0,5.0,4.0,7.0,46.0,0.18531380385832774,0.2615736722327273
2024-05-22 00:40:28,0.0002110316956617,0.0090429246050075,10.0,0.0,7.0,4.0,32.0,0.11002129390442644,0.18431769241393722
2024-05-22 02:40:51,0.0002110316956617,0.0090429246050075,5.0,1.0,1.0,0.0,6.0,0.017616211174161164,0.0058203712711530735
2024-05-22 04:41:15,0.0002110316956617,0.0090429246050075,15.0,3.0,4.0,8.0,41.0,0.019879253198304,0.6083951759607436
2024-05-22 06:41:40,0.0002110316956617,0.0090429246050075,10.0,3.0,2.0,7.0,32.0,0.10637613070904338,0.1699722724094688
2024-05-22 08:42:04,0.0002110316956617,0.0090429246050075,10.0,5.0,5.0,5.0,46.0,0.14459921194698086,0.23053511332607868
2024-05-22 10:42:27,0.0002110316956617,0.0090429246050075,15.0,11.0,8.0,10.0,65.0,0.0034657359027997266,0.661602208327773
2024-05-22 12:42:51,0.0002110316956617,0.0090429246050075,15.0,9.0,8.0,8.0,62.0,0.0,0.6563186549551763
2024-05-22 14:43:15,0.0002110316956617,0.0090429246050075,15.0,12.0,7.0,9.0,69.0,-0.002079441541679836,0.655625507774616
2024-05-22 16:43:40,0.0002110316956617,0.0090429246050075,15.0,13.0,11.0,10.0,63.0,0.001961658506023452,0.6287491157361969
2024-05-22 18:44:03,0.0002110316956617,0.0090429246050075,10.0,8.0,11.0,3.0,41.0,0.17735464026857625,0.21494099896597457
2024-05-22 20:44:27,0.0002110316956617,0.0090429246050075,10.0,7.0,7.0,10.0,41.0,0.14231604381417579,0.26009115202037036
2024-05-22 22:44:51,0.0002179412677944,0.0093059469904804,5.0,3.0,5.0,4.0,17.0,0.032993595431398334,0.007780850137276986
2024-05-23 00:45:15,0.0002179412677944,0.0093059469904804,15.0,4.0,0.0,0.0,16.0,0.03541334019896739,0.07477708892254217
2024-05-23 02:45:38,0.0002179412677944,0.0093059469904804,5.0,1.0,3.0,2.0,5.0,0.016868079466120237,0.008140731303893155
2024-05-23 04:46:01,0.0002179412677944,0.0093059469904804,15.0,6.0,4.0,6.0,39.0,0.07867723583201226,0.3398737034306124
2024-05-23 06:46:23,0.0002179412677944,0.0093059469904804,15.0,6.0,4.0,2.0,43.0,0.08071948944107538,0.3761038612935148
2024-05-23 08:46:48,0.0002179412677944,0.0093059469904804,10.0,6.0,3.0,8.0,49.0,0.12965116076433847,0.2712040314457975
2024-05-23 10:47:09,0.0002179412677944,0.0093059469904804,5.0,3.0,6.0,2.0,19.0,0.03250803413331238,0.008021746165232189
2024-05-23 12:47:31,0.0002179412677944,0.0093059469904804,15.0,9.0,5.0,14.0,61.0,0.0019095425048844387,0.6427955094175688
2024-05-23 14:47:54,0.0002179412677944,0.0093059469904804,15.0,3.0,6.0,11.0,69.0,0.006238324625039508,0.6548406355589693
2024-05-23 16:48:18,0.0002179412677944,0.0093059469904804,10.0,2.0,8.0,1.0,31.0,0.11634940626881725,0.137675886562482
2024-05-23 18:48:40,0.0002179412677944,0.0093059469904804,5.0,5.0,2.0,2.0,23.0,0.024648971894444226,0.01040871931424199
2024-05-23 20:49:04,0.0002179412677944,0.0093059469904804,5.0,7.0,4.0,2.0,21.0,0.037063312407104226,0.009570984443100027
2024-05-23 22:49:25,0.0002179412677944,0.0093059469904804,5.0,4.0,7.0,2.0,19.0,0.03553466015201196,0.009511234861811706
2024-05-24 00:49:46,0.0002179412677944,0.0093059469904804,5.0,3.0,3.0,3.0,23.0,0.030380705653215496,0.007944983904691385
2024-05-24 02:50:08,0.0002179412677944,0.0093059469904804,15.0,7.0,4.0,7.0,47.0,0.058958446064995916,0.45729444258699276
2024-05-24 04:50:30,0.0002179412677944,0.0093059469904804,15.0,8.0,3.0,4.0,47.0,0.013642878243292581,0.5098213890008412
2024-05-24 06:50:54,0.0002179412677944,0.0093059469904804,10.0,2.0,2.0,1.0,15.0,0.04960005694285905,0.04835219429979731
2024-05-24 08:51:16,0.0002179412677944,0.0093059469904804,10.0,4.0,9.0,6.0,47.0,0.1465032922285778,0.2568788983486318
2024-05-24 10:51:38,0.0002144585925115,0.0093059469904804,10.0,2.0,1.0,2.0,13.0,0.06028410624321897,0.05135687438048042
2024-05-24 12:52:02,0.0002144585925115,0.0093059469904804,5.0,1.0,1.0,0.0,8.0,0.008002923770802611,0.00557177655062132
2024-05-24 14:52:25,0.0002144585925115,0.0093059469904804,10.0,4.0,4.0,5.0,27.0,0.09269929501713062,0.168511886778637
2024-05-24 16:52:45,0.0002144585925115,0.0093059469904804,15.0,9.0,3.0,5.0,43.0,0.073822448093206,0.4484953047449086
2024-05-24 18:53:08,0.0002144585925115,0.0093059469904804,10.0,3.0,2.0,2.0,13.0,0.045923824180110595,0.04601069368243143
2024-05-24 20:53:31,0.0002144585925115,0.0093059469904804,5.0,2.0,5.0,1.0,14.0,0.029662284812946194,0.008344657603063233
2024-05-24 22:53:53,0.0002144585925115,0.0093059469904804,15.0,7.0,7.0,6.0,69.0,-0.006440365553211402,0.6202769607481232
2024-05-25 00:54:15,0.0002144585925115,0.0093059469904804,10.0,3.0,3.0,4.0,31.0,0.12161889102798817,0.1640740190784267
2024-05-25 02:54:36,0.0002144585925115,0.0093059469904804,10.0,7.0,5.0,7.0,47.0,0.2031549876014662,0.2587769437365314
2024-05-25 04:54:59,0.0002144585925115,0.0091428516980973,10.0,6.0,3.0,2.0,47.0,0.0785069082183654,0.1878181566974257
2024-05-25 06:55:22,0.0002161769389329,0.0091428516980973,15.0,12.0,11.0,10.0,64.0,0.002602689685444384,0.6612624102541822
2024-05-25 08:55:45,0.0002161769389329,0.0091428516980973,5.0,1.0,0.0,0.0,6.0,0.020864906539631183,0.0058334995640643515
2024-05-25 10:56:07,0.0002161769389329,0.0091428516980973,15.0,3.0,1.0,3.0,16.0,0.06505224233816888,0.13913828036906217
2024-05-25 12:56:29,0.0002161769389329,0.0091428516980973,5.0,1.0,2.0,3.0,12.0,0.02090572357041983,0.007646296851693486
2024-05-25 14:56:53,0.0002161769389329,0.0091428516980973,5.0,4.0,5.0,4.0,18.0,0.04525084793434894,0.011063832887661221
2024-05-25 16:57:17,0.0002161769389329,0.0091428516980973,5.0,3.0,3.0,3.0,23.0,0.015174025411808139,0.008029590177780592
2024-05-25 18:57:40,0.0002161769389329,0.0088977441418841,10.0,4.0,2.0,5.0,33.0,0.12297876423197523,0.2373831787108831
2024-05-25 20:58:04,0.0002161769389329,0.0088977441418841,10.0,5.0,9.0,11.0,44.0,0.09484095477991121,0.2821656337657651
2024-05-25 22:58:28,0.0002161769389329,0.0088977441418841,5.0,0.0,0.0,3.0,6.0,0.014780084930057445,0.004081854048708871
2024-05-26 00:58:51,0.0002161769389329,0.0088977441418841,15.0,16.0,6.0,3.0,65.0,0.050335650355881154,0.5825781087388129
2024-05-26 02:59:16,0.0002161769389329,0.0088977441418841,5.0,2.0,2.0,6.0,14.0,0.04013667577126174,0.010152799550349301
2024-05-26 04:59:40,0.0002161769389329,0.0088977441418841,5.0,2.0,2.0,2.0,21.0,0.026414342283177523,0.009884864557671087
2024-05-26 07:00:05,0.0002161769389329,0.0088977441418841,15.0,8.0,4.0,9.0,36.0,0.029701096761799623,0.5966416861250339
2024-05-26 09:00:28,0.0002161769389329,0.0088977441418841,15.0,2.0,2.0,5.0,11.0,0.11179626374013121,0.15649656945120427
2024-05-26 11:00:52,0.0002240760939423,0.009294407757006,15.0,2.0,1.0,4.0,17.0,0.11995646752222078,0.19467410113623151
2024-05-26 13:01:16,0.0002240760939423,0.009294407757006,5.0,1.0,0.0,2.0,4.0,0.02052811200886222,0.0068462544235861275
2024-05-26 15:01:40,0.0002240760939423,0.009294407757006,10.0,2.0,1.0,1.0,14.0,0.05435288313694074,0.02927788949569275
2024-05-26 17:02:05,0.0002240760939423,0.009294407757006,5.0,4.0,2.0,0.0,4.0,0.00788730094861939,0.0020243455979824677
2024-05-26 19:02:29,0.0002240760939423,0.009294407757006,5.0,1.0,0.0,1.0,6.0,0.021772326407057545,0.005942432787397797
2024-05-26 21:02:53,0.0002240760939423,0.009294407757006,10.0,3.0,2.0,2.0,11.0,0.051004083155605076,0.03922777312634906
2024-05-26 23:03:17,0.0002240760939423,0.009294407757006,15.0,2.0,4.0,4.0,39.0,0.040300729406997485,0.3791294094324963
2024-05-27 01:03:41,0.0002240760939423,0.009294407757006,15.0,4.0,3.0,1.0,21.0,0.09299194309281139,0.11380178419013065
2024-05-27 03:04:05,0.0002240760939423,0.009294407757006,10.0,6.0,12.0,7.0,42.0,0.14670119559975822,0.22330810239091203
2024-05-27 05:04:30,0.0002240760939423,0.009294407757006,15.0,2.0,8.0,4.0,39.0,0.03586802306942889,0.3702363832957229
2024-05-27 07:04:54,0.0002240760939423,0.009294407757006,10.0,3.0,8.0,5.0,30.0,0.08887643093859725,0.1797716402638549
2024-05-27 09:05:19,0.0002240760939423,0.009294407757006,5.0,0.0,0.0,0.0,8.0,0.015807997226106024,0.0051629999113861035
2024-05-27 11:05:44,0.0002240760939423,0.009294407757006,5.0,3.0,0.0,2.0,24.0,0.028364808057385123,0.006848160839273981
2024-05-27 13:06:08,0.0002240760939423,0.009294407757006,15.0,3.0,3.0,3.0,16.0,0.08744248298047777,0.12013936238752448
2024-05-27 15:06:33,0.0002240760939423,0.009294407757006,5.0,2.0,2.0,2.0,26.0,0.033852087000584924,0.008224542017316082
2024-05-27 17:06:57,0.0002240760939423,0.009294407757006,10.0,3.0,1.0,2.0,14.0,0.10123748334720142,0.05913542330644933
2024-05-27 19:07:25,0.0002207828227662,0.009294407757006,15.0,6.0,2.0,8.0,39.0,0.019997036233960392,0.5523889456846299
2024-05-27 21:07:49,0.0002207828227662,0.0099865650710368,10.0,1.0,2.0,0.0,15.0,0.03325921217407667,0.03834958509570888
2024-05-27 23:08:14,0.0002207828227662,0.0099865650710368,10.0,0.0,1.0,4.0,15.0,0.061704571530938654,0.05452151686824507
2024-05-28 01:08:37,0.0002207828227662,0.0099865650710368,15.0,7.0,11.0,10.0,63.0,0.0013862943611198907,0.664941608460965
2024-05-28 03:09:01,0.0002207828227662,0.0099865650710368,5.0,3.0,1.0,2.0,14.0,0.02831307984513519,0.007255806056031709
2024-05-28 05:09:25,0.0002207828227662,0.0099865650710368,10.0,2.0,1.0,0.0,12.0,0.03551166550225454,0.04878717510946612
2024-05-28 07:09:49,0.0002207828227662,0.0099865650710368,5.0,5.0,2.0,4.0,12.0,0.023136776847115455,0.005676815133016672
2024-05-28 09:10:13,0.0002201916006497,0.0099865650710368,10.0,3.0,4.0,5.0,31.0,0.1388035825044483,0.17339546762985603
2024-05-28 11:10:37,0.0002198156966548,0.0098470328390016,15.0,2.0,3.0,3.0,14.0,0.04502585717145982,0.06380447278030901
2024-05-28 13:11:04,0.0002198156966548,0.0098470328390016,15.0,8.0,6.0,9.0,68.0,-0.0006931471805599453,0.6531009920908804
2024-05-28 15:11:28,0.0002198156966548,0.0098470328390016,15.0,5.0,2.0,4.0,18.0,0.139861807339432,0.20437260384021813
2024-05-28 17:11:51,0.0002198156966548,0.0098470328390016,5.0,0.0,0.0,2.0,6.0,0.015448105576956132,0.006181793849242099
2024-05-28 19:12:15,0.0002198156966548,0.0098470328390016,5.0,3.0,0.0,4.0,13.0,0.029539531792449135,0.009179433069140208
2024-05-28 21:12:39,0.0002198156966548,0.0098470328390016,5.0,4.0,1.0,1.0,24.0,0.02375993588319502,0.008647219047063233
2024-05-29 17:28:55,0.0002198156966548,0.0098470328390016,5.0,3.0,3.0,4.0,18.0,0.022079342016993405,0.005586252660270978
2024-05-29 19:29:19,0.0002198156966548,0.0098470328390016,10.0,2.0,3.0,0.0,13.0,0.044710761133250565,0.038047444180595094
2024-05-29 21:29:42,0.0002198156966548,0.0098470328390016,10.0,2.0,6.0,4.0,27.0,0.08954135295366025,0.13385063788991897
2024-05-29 23:30:06,0.0002198156966548,0.0098470328390016,10.0,2.0,9.0,4.0,44.0,0.16165822498094248,0.2551763576947894
2024-05-30 01:30:28,0.0002198156966548,0.0098470328390016,5.0,0.0,1.0,2.0,7.0,0.007864608780769387,0.006252722278114255
2024-05-30 03:30:51,0.0002198156966548,0.0098470328390016,5.0,5.0,6.0,2.0,14.0,0.027023503203670224,0.00881633333883893
2024-05-30 05:31:13,0.0002198156966548,0.0098470328390016,15.0,5.0,8.0,9.0,61.0,0.0027725887222397813,0.6537159652697323
2024-05-30 07:31:36,0.0002198156966548,0.0098470328390016,5.0,7.0,2.0,2.0,21.0,0.021269296709524634,0.007342029122433506
2024-05-30 09:31:59,0.0002198156966548,0.0098470328390016,5.0,0.0,1.0,3.0,15.0,0.030270390596080856,0.007792357934605463
2024-05-30 11:32:21,0.0002198156966548,0.0098470328390016,5.0,6.0,5.0,6.0,21.0,0.026774704638209933,0.007870111687066993
2024-05-30 13:32:44,0.0002198156966548,0.0098470328390016,10.0,8.0,9.0,8.0,41.0,0.1816034645357299,0.26928802373281135
2024-05-30 15:33:04,0.0002198156966548,0.0098470328390016,5.0,0.0,5.0,3.0,14.0,0.03571476050774777,0.008437393535331928
2024-05-30 17:33:25,0.0002198156966548,0.0098470328390016,5.0,3.0,0.0,1.0,13.0,0.007689041593741706,0.005294325378918474
2024-05-30 19:33:48,0.0002198156966548,0.0098470328390016,10.0,3.0,3.0,4.0,31.0,0.12831962765605984,0.13664537187363626
2024-05-30 21:34:11,0.0002198156966548,0.0098470328390016,15.0,9.0,7.0,5.0,66.0,0.026252466326902833,0.6336100985327828
2024-05-30 23:34:33,0.0002198156966548,0.0098470328390016,10.0,1.0,2.0,4.0,11.0,0.04108812938534434,0.055227263033334535
2024-05-31 01:34:55,0.0002198156966548,0.0098470328390016,15.0,5.0,3.0,5.0,39.0,0.029533542415699433,0.4592827877590207
2024-05-31 03:35:18,0.0002198156966548,0.0098470328390016,5.0,2.0,2.0,2.0,21.0,0.02126502820956536,0.005928276598947948
2024-05-31 05:35:41,0.0002198156966548,0.0098470328390016,10.0,13.0,6.0,4.0,41.0,0.10982363650312219,0.21588975988260622
2024-05-31 07:36:04,0.0002198156966548,0.0098470328390016,10.0,6.0,3.0,4.0,26.0,0.0500022785233689,0.14076250936998097
2024-05-31 09:36:27,0.0002198156966548,0.0098470328390016,5.0,0.0,2.0,2.0,16.0,0.019948708799934614,0.005195237782350995
2024-05-31 11:36:49,0.0002198156966548,0.0098470328390016,5.0,0.0,1.0,2.0,24.0,0.02441860795606568,0.007259858477780888
2024-05-31 13:37:12,0.0002198156966548,1.0,15.0,11.0,7.0,12.0,68.0,-0.0006931471805599453,0.6582281974600604
2024-05-31 15:37:35,0.0002142187449239,0.0100878999416344,5.0,4.0,5.0,4.0,18.0,0.019707325953834516,0.006056957511682878
2024-05-31 17:37:57,0.0002142187449239,0.0100878999416344,5.0,2.0,2.0,4.0,14.0,0.023694283529621295,0.005993408987051025
2024-05-31 19:38:21,0.0002142187449239,0.0100878999416344,5.0,1.0,1.0,1.0,6.0,0.01814859627984522,0.007798794070105467
2024-05-31 21:38:43,0.0002142187449239,0.0100878999416344,5.0,1.0,1.0,1.0,6.0,0.02261143194739331,0.006572982149731408
2024-05-31 23:39:07,0.0002142187449239,0.0100878999416344,5.0,1.0,5.0,2.0,23.0,0.04628014271576952,0.011564786189787148
2024-06-01 01:39:30,0.0002142187449239,0.0100878999416344,5.0,2.0,1.0,4.0,24.0,0.023917510557936734,0.005913226022750059
2024-06-01 03:39:53,0.0002142187449239,0.0100878999416344,10.0,5.0,3.0,4.0,46.0,0.14672303618675717,0.24674633878539037
2024-06-01 05:40:18,0.0002142187449239,0.0100878999416344,15.0,10.0,13.0,10.0,65.0,0.002079441541679836,0.6646364211218948
2024-06-01 07:40:42,0.0002142187449239,0.0100878999416344,10.0,1.0,3.0,8.0,27.0,0.16318780851012607,0.1848808192830108
2024-06-01 09:41:04,0.000216799145815,0.0100878999416344,15.0,0.0,3.0,6.0,16.0,0.08501859960345007,0.16697916152817766
2024-06-01 11:41:27,0.0002198515399152,0.0096235683676821,5.0,3.0,2.0,1.0,12.0,0.011623613480366566,0.006472634088322787
2024-06-01 13:41:50,0.0002198515399152,0.0096235683676821,15.0,1.0,3.0,3.0,16.0,0.09638375892944735,0.14914637784722395
2024-06-01 15:42:11,0.0002198515399152,0.0096235683676821,15.0,6.0,3.0,6.0,42.0,0.04820180964547312,0.5159141693036542
2024-06-01 17:42:31,0.0002198515399152,0.0096235683676821,15.0,6.0,8.0,8.0,62.0,0.010920455852163728,0.6548406355589695
2024-06-01 19:42:53,0.0002198515399152,0.0096235683676821,15.0,6.0,4.0,7.0,39.0,0.04902434830986256,0.48658383242186154
2024-06-01 21:43:12,0.0002198515399152,0.0096235683676821,5.0,4.0,4.0,2.0,19.0,0.03717177074023218,0.00938255372461311
2024-06-01 23:43:33,0.0002198515399152,0.0096235683676821,5.0,3.0,2.0,1.0,6.0,0.012412588861407227,0.005084925428122307
2024-06-02 01:43:55,0.0002198515399152,0.0096235683676821,10.0,12.0,5.0,10.0,38.0,0.18025172570129833,0.22014434637727548
2024-06-02 03:44:19,0.0002198515399152,0.0096235683676821,10.0,10.0,5.0,7.0,41.0,0.12373775319340037,0.2408344354923625
2024-06-02 05:44:41,0.0002198515399152,0.0096235683676821,5.0,1.0,1.0,0.0,8.0,0.016127794880796187,0.005268536975817136
2024-06-02 07:45:04,0.0002198515399152,0.0096235683676821,15.0,3.0,3.0,3.0,18.0,0.09079278191049749,0.17325153605308036
2024-06-02 09:45:27,0.0002463939192769,0.0096235683676821,10.0,0.0,4.0,1.0,14.0,0.034690996248815074,0.051485006009343554
2024-06-02 11:45:49,0.0002463939192769,0.0105634953665087,10.0,6.0,4.0,4.0,27.0,0.13309282855977211,0.12140542711395848
2024-06-02 13:46:12,0.0002463939192769,0.0105634953665087,5.0,1.0,2.0,0.0,13.0,0.014469412446097594,0.008363926512624402
2024-06-02 15:46:33,0.0002463939192769,0.0105634953665087,15.0,5.0,7.0,10.0,68.0,0.0027725887222397813,0.6717377919642897
2024-06-02 17:46:52,0.0002463939192769,0.0105634953665087,15.0,8.0,6.0,4.0,46.0,0.07371577891466087,0.49400846233175755
2024-06-02 19:47:14,0.0002463939192769,0.0105634953665087,5.0,2.0,3.0,1.0,22.0,0.024271436593406765,0.00892476448120752
2024-06-02 21:47:35,0.0002463939192769,0.0105634953665087,5.0,0.0,2.0,0.0,6.0,0.009561138601354534,0.003406867230246291
2024-06-02 23:47:57,0.0002463939192769,0.0105634953665087,10.0,12.0,9.0,8.0,38.0,0.12730235162468698,0.26158579933178716
2024-06-03 01:48:18,0.0002463939192769,0.0105634953665087,5.0,3.0,1.0,2.0,14.0,0.013699205944367783,0.008098221652200317
2024-06-03 03:48:39,0.0002463939192769,0.0105634953665087,10.0,3.0,3.0,4.0,27.0,0.11026367745812557,0.15060689144414824
2024-06-03 05:49:01,0.0002463939192769,0.0105634953665087,15.0,1.0,2.0,3.0,17.0,0.05274287821181099,0.129784761721151
2024-06-03 07:49:21,0.0002463939192769,0.0105634953665087,15.0,13.0,11.0,9.0,62.0,-0.0006931471805599453,0.6630802277239798
2024-06-03 09:49:45,0.0002463939192769,0.0105634953665087,5.0,2.0,1.0,2.0,15.0,0.040096586525062136,0.012291963131672176
2024-06-03 11:50:09,0.0002463939192769,0.0105634953665087,5.0,2.0,1.0,3.0,21.0,0.02166628149095599,0.005153540880322303
2024-06-03 13:50:30,0.0002463939192769,0.0105634953665087,10.0,4.0,11.0,2.0,46.0,0.13282654974283303,0.22501862518854154
2024-06-03 15:50:51,0.0002463939192769,0.0105634953665087,5.0,1.0,4.0,0.0,13.0,0.026803957895508348,0.00899611632041844
2024-06-03 17:51:15,0.0002463939192769,0.0105634953665087,5.0,0.0,1.0,2.0,15.0,0.013182275623672579,0.0067507100823252664
2024-06-03 19:51:39,0.0002463939192769,0.0105634953665087,15.0,3.0,4.0,12.0,42.0,0.0013862943611198907,0.654670736522174
2024-06-03 21:52:02,0.0002463939192769,0.0105634953665087,10.0,2.0,4.0,5.0,32.0,0.1539918454910008,0.16295861600992934
2024-06-03 23:52:26,0.0002463939192769,0.0105634953665087,5.0,0.0,0.0,1.0,25.0,0.039732853802801615,0.00866604508505515
2024-06-04 01:52:49,0.0002463939192769,0.0105634953665087,5.0,2.0,5.0,4.0,23.0,0.039833630131418635,0.009547930269430193
2024-06-04 03:53:13,0.0002463939192769,0.0105634953665087,5.0,5.0,1.0,3.0,11.0,0.019491694828910434,0.005658603439453597
2024-06-04 05:53:36,0.000214894559986,0.0105634953665087,5.0,3.0,4.0,0.0,15.0,0.03639084658571894,0.009877876157182698
2024-06-04 07:53:59,0.000214894559986,0.0105634953665087,15.0,8.0,7.0,8.0,66.0,0.002942487759035178,0.643750280670011
2024-06-04 09:54:23,0.000214894559986,0.0105634953665087,10.0,2.0,7.0,9.0,28.0,0.17578734095552748,0.2829251718976439
2024-06-04 11:54:46,0.000214894559986,0.0105634953665087,15.0,5.0,8.0,8.0,61.0,0.0006931471805599453,0.6538076903048189
2024-06-04 13:55:09,0.000214894559986,0.0105634953665087,15.0,13.0,9.0,14.0,63.0,0.005545177444479563,0.6469543925009279
2024-06-04 15:55:34,0.000214894559986,0.0105634953665087,10.0,7.0,5.0,9.0,48.0,0.10900353230208004,0.2612658655055917
2024-06-04 17:55:57,0.000214894559986,0.0105634953665087,15.0,4.0,2.0,1.0,19.0,0.07545346634577509,0.12298001839338507
2024-06-04 19:56:19,0.0002140595581647,0.0094958093661214,10.0,2.0,5.0,5.0,49.0,0.14889662235929357,0.234267681704101
2024-06-04 21:56:41,0.0002140595581647,0.0094958093661214,5.0,1.0,3.0,1.0,23.0,0.021883311219364442,0.005549110699789108
2024-06-04 23:57:02,0.0002140595581647,0.0094958093661214,15.0,8.0,10.0,9.0,37.0,0.019844242665067926,0.5440150162023354
2024-06-05 01:57:25,0.0002140595581647,0.0094958093661214,10.0,3.0,0.0,4.0,29.0,0.1126188667903594,0.1389326584093739
2024-06-05 03:57:49,0.0002140595581647,0.0094958093661214,15.0,4.0,2.0,8.0,32.0,0.08422678032878234,0.36454124632148555
2024-06-05 05:58:12,0.0002140595581647,0.0094958093661214,10.0,0.0,5.0,3.0,13.0,0.056636315388061347,0.05448034205569742
2024-06-05 07:58:35,0.0002140595581647,0.0094958093661214,15.0,3.0,2.0,2.0,13.0,0.048599301583121424,0.07195704062611769
2024-06-05 09:58:57,0.0002140595581647,0.0094958093661214,5.0,4.0,2.0,4.0,23.0,0.023509957473241923,0.005954514684188613
2024-06-05 11:59:21,0.0002140595581647,0.0094958093661214,10.0,7.0,7.0,3.0,46.0,0.15026302726728852,0.24660107697310435
2024-06-05 13:59:43,0.0002246840422264,0.0094958093661214,15.0,7.0,6.0,3.0,33.0,0.06529088840876947,0.3204624090307172
2024-06-05 16:00:06,0.0002246840422264,0.0094958093661214,10.0,7.0,1.0,3.0,34.0,0.09351451524190346,0.168866583638775
2024-06-05 18:00:30,0.0002246840422264,0.0094958093661214,15.0,2.0,9.0,5.0,41.0,0.10812795577733883,0.44026168811031285
2024-06-05 20:00:53,0.0002246840422264,0.0094609420791446,15.0,1.0,1.0,0.0,21.0,0.035204027371764514,0.08658570426469342
2024-06-05 22:01:16,0.0002246840422264,0.009674909620915,15.0,10.0,8.0,7.0,63.0,0.020454617343207568,0.5973708879050175
2024-06-06 00:01:38,0.0002246840422264,0.009674909620915,15.0,11.0,6.0,7.0,38.0,0.11187230520521355,0.3783532376547843
2024-06-06 02:02:01,0.0002246840422264,0.009674909620915,10.0,9.0,4.0,3.0,46.0,0.15888668949227513,0.21728002130514412
2024-06-06 04:02:24,0.0002246840422264,0.009674909620915,5.0,2.0,1.0,3.0,13.0,0.046708238493496035,0.010083729674916504
2024-06-06 06:02:47,0.0002246840422264,0.009674909620915,10.0,6.0,9.0,9.0,41.0,0.10889420687004059,0.16621786207892938
2024-06-06 08:03:10,0.0002246840422264,0.009674909620915,5.0,2.0,3.0,2.0,23.0,0.03716385441886331,0.008789954629997383
2024-05-21 20:39:43,0.0002110316956617,0.0090429246050075,10.0,6.0,5.0,2.0,26.0,0.09004190065031509,0.08736819189538113
2024-05-21 22:40:05,0.0002110316956617,0.0090429246050075,10.0,4.0,8.0,2.0,28.0,0.10975314872965493,0.0999736882397669
2024-05-22 00:40:28,0.0002110316956617,0.0090429246050075,10.0,2.0,1.0,4.0,12.0,0.0743567847227594,0.07475854660022258
2024-05-22 02:40:51,0.0002110316956617,0.0090429246050075,5.0,1.0,0.0,1.0,26.0,0.02964989235373857,0.006918798594507984
2024-05-22 04:41:15,0.0002110316956617,0.0090429246050075,5.0,3.0,2.0,2.0,12.0,0.022148783600858306,0.007150409934321908
2024-05-22 06:41:40,0.0002110316956617,0.0090429246050075,5.0,1.0,0.0,3.0,8.0,0.024637044837307553,0.00698880553091156
2024-05-22 08:42:04,0.0002110316956617,0.0090429246050075,15.0,1.0,3.0,6.0,16.0,0.024137335120156013,0.12857285026444282
2024-05-22 10:42:27,0.0002110316956617,0.0090429246050075,15.0,4.0,6.0,4.0,43.0,0.08390286215467677,0.38540176636901613
2024-05-22 12:42:51,0.0002110316956617,0.0090429246050075,15.0,1.0,4.0,6.0,13.0,0.08581322192158852,0.1445710985848719
2024-05-22 14:43:15,0.0002110316956617,0.0090429246050075,10.0,6.0,6.0,9.0,46.0,0.14249014831528287,0.25457612571535304
2024-05-22 16:43:40,0.0002110316956617,0.0090429246050075,15.0,7.0,7.0,10.0,36.0,0.09925991217383515,0.38278481770637707
2024-05-22 18:44:03,0.0002110316956617,0.0090429246050075,10.0,2.0,3.0,1.0,11.0,0.064835239379887,0.028864637588547067
2024-05-22 20:44:27,0.0002110316956617,0.0090429246050075,5.0,0.0,2.0,0.0,6.0,0.011262428478160084,0.004093203692533881
2024-05-22 22:44:51,0.0002179412677944,0.0093059469904804,10.0,6.0,1.0,7.0,49.0,0.11145934845173301,0.23762173944136672
2024-05-23 00:45:15,0.0002179412677944,0.0093059469904804,5.0,3.0,1.0,4.0,19.0,0.022296287124525166,0.005305177464041309
2024-05-23 02:45:38,0.0002179412677944,0.0093059469904804,5.0,2.0,2.0,5.0,13.0,0.03629967943381155,0.009266552576718266
2024-05-23 04:46:01,0.0002179412677944,0.0093059469904804,10.0,4.0,6.0,7.0,46.0,0.13062366830431088,0.22885176724696146
2024-05-23 06:46:23,0.0002179412677944,0.0093059469904804,5.0,2.0,2.0,2.0,13.0,0.021244017098594407,0.0062081385032236956
2024-05-23 08:46:48,0.0002179412677944,0.0093059469904804,15.0,10.0,7.0,4.0,34.0,0.10402058050768188,0.3070101492844417
2024-05-23 10:47:09,0.0002179412677944,0.0093059469904804,10.0,3.0,7.0,6.0,26.0,0.14289539822918057,0.13543205578929784
2024-05-23 12:47:31,0.0002179412677944,0.0093059469904804,15.0,10.0,9.0,8.0,38.0,0.12444701654085644,0.4325712309733579
2024-05-23 14:47:54,0.0002179412677944,0.0093059469904804,15.0,7.0,2.0,5.0,34.0,0.09789736862581659,0.36601543592515423
2024-05-23 16:48:18,0.0002179412677944,0.0093059469904804,15.0,1.0,3.0,2.0,16.0,0.07457421455635714,0.11768911274354382
2024-05-23 18:48:40,0.0002179412677944,0.0093059469904804,15.0,6.0,1.0,5.0,18.0,0.084550228270163,0.20472347242321937
2024-05-23 20:49:04,0.0002179412677944,0.0093059469904804,10.0,2.0,4.0,2.0,26.0,0.10105389198575342,0.09082206991656179
2024-05-23 22:49:25,0.0002179412677944,0.0093059469904804,10.0,3.0,1.0,3.0,36.0,0.1140684406287663,0.16415801852020787
2024-05-24 00:49:46,0.0002179412677944,0.0093059469904804,10.0,0.0,2.0,2.0,16.0,0.06957516108845958,0.060570567125249726
2024-05-24 02:50:08,0.0002179412677944,0.0093059469904804,15.0,15.0,5.0,6.0,64.0,0.02446070685767478,0.6126837978606755
2024-05-24 04:50:30,0.0002179412677944,0.0093059469904804,15.0,7.0,5.0,10.0,58.0,0.022298492813574634,0.6029627832524942
2024-05-24 06:50:54,0.0002179412677944,0.0093059469904804,15.0,2.0,4.0,1.0,16.0,0.11129298772112492,0.15711413684205566
2024-05-24 08:51:16,0.0002179412677944,0.0093059469904804,5.0,0.0,0.0,0.0,8.0,0.015908183107428454,0.008375060372519009
2024-05-24 10:51:38,0.0002144585925115,0.0093059469904804,10.0,1.0,1.0,1.0,12.0,0.04027895677774662,0.0370916509783457
2024-05-24 12:52:02,0.0002144585925115,0.0093059469904804,15.0,11.0,9.0,7.0,69.0,0.004730692793738648,0.5828511946174175
2024-05-24 14:52:25,0.0002144585925115,0.0093059469904804,5.0,2.0,1.0,3.0,14.0,0.04182495267998097,0.010010470684611035
2024-05-24 16:52:45,0.0002144585925115,0.0093059469904804,5.0,2.0,4.0,2.0,13.0,0.04171786582157067,0.010900535108446859
2024-05-24 18:53:08,0.0002144585925115,0.0093059469904804,5.0,6.0,2.0,0.0,22.0,0.037900518277070396,0.009127653824225724
2024-05-24 20:53:31,0.0002144585925115,0.0093059469904804,10.0,7.0,8.0,9.0,44.0,0.18828235246604946,0.2456379847391317
2024-05-24 22:53:53,0.0002144585925115,0.0093059469904804,15.0,6.0,2.0,0.0,14.0,0.018599584292860207,0.030780912717911574
2024-05-25 00:54:15,0.0002144585925115,0.0093059469904804,15.0,8.0,13.0,10.0,62.0,0.028044225796130886,0.5854642047017007
2024-05-25 02:54:36,0.0002144585925115,0.0093059469904804,5.0,4.0,0.0,4.0,23.0,0.0339291011944799,0.008513474783805722
2024-05-25 04:54:59,0.0002144585925115,0.0091428516980973,15.0,6.0,9.0,4.0,40.0,0.04842342499534537,0.38196351537306067
2024-05-25 06:55:22,0.0002161769389329,0.0091428516980973,5.0,3.0,2.0,1.0,6.0,0.005371019555383387,0.007038186237964015
2024-05-25 08:55:45,0.0002161769389329,0.0091428516980973,5.0,1.0,1.0,3.0,15.0,0.020160371083593514,0.006664291612779802
2024-05-25 10:56:07,0.0002161769389329,0.0091428516980973,15.0,6.0,9.0,7.0,33.0,0.12338805225378185,0.3852981227870428
2024-05-25 12:56:29,0.0002161769389329,0.0091428516980973,5.0,2.0,6.0,3.0,20.0,0.03863963912746949,0.01025394574607072
2024-05-25 14:56:53,0.0002161769389329,0.0091428516980973,15.0,1.0,3.0,4.0,19.0,0.08072615592352926,0.15622478838643566
2024-05-25 16:57:17,0.0002161769389329,0.0091428516980973,15.0,4.0,0.0,0.0,20.0,0.061385265411088366,0.07989914551177231
2024-05-25 18:57:40,0.0002161769389329,0.0088977441418841,5.0,2.0,2.0,1.0,5.0,0.017336041623304977,0.005439028606824214
2024-05-25 20:58:04,0.0002161769389329,0.0088977441418841,10.0,5.0,7.0,10.0,46.0,0.1433249494781067,0.3046319335413624
2024-05-25 22:58:28,0.0002161769389329,0.0088977441418841,5.0,1.0,2.0,1.0,4.0,0.0032103665832926426,0.0030263595137452718
2024-05-26 00:58:51,0.0002161769389329,0.0088977441418841,15.0,7.0,3.0,3.0,43.0,0.08745289223592347,0.3886297031486754
2024-05-26 02:59:16,0.0002161769389329,0.0088977441418841,10.0,6.0,1.0,2.0,12.0,0.04587869770165827,0.04110554352415194
2024-05-26 04:59:40,0.0002161769389329,0.0088977441418841,15.0,11.0,6.0,6.0,64.0,0.02515272552485493,0.6137424013166809
2024-05-26 07:00:05,0.0002161769389329,0.0088977441418841,10.0,1.0,0.0,3.0,16.0,0.06060026657832551,0.066990447039501
2024-05-26 09:00:28,0.0002161769389329,0.0088977441418841,10.0,4.0,2.0,1.0,13.0,0.053946684415764584,0.03639062303859353
2024-05-26 11:00:52,0.0002240760939423,0.009294407757006,5.0,2.0,0.0,1.0,8.0,0.012354606175537708,0.0041634538003011935
2024-05-26 13:01:16,0.0002240760939423,0.009294407757006,10.0,2.0,3.0,3.0,13.0,0.05782075522420713,0.04469991802282027
2024-05-26 15:01:40,0.0002240760939423,0.009294407757006,15.0,3.0,0.0,3.0,19.0,0.10721201306666964,0.13648063709636796
2024-05-26 17:02:05,0.0002240760939423,0.009294407757006,5.0,5.0,0.0,5.0,24.0,0.023602233804602135,0.0058744960143963095
2024-05-26 19:02:29,0.0002240760939423,0.009294407757006,5.0,2.0,4.0,6.0,23.0,0.023888801190038184,0.0057835656611643985
2024-05-26 21:02:53,0.0002240760939423,0.009294407757006,5.0,1.0,0.0,1.0,6.0,0.008581233967541764,0.0066573831571342884
2024-05-26 23:03:17,0.0002240760939423,0.009294407757006,10.0,4.0,3.0,4.0,51.0,0.14168547885478944,0.23377788540883038
2024-05-27 01:03:41,0.0002240760939423,0.009294407757006,10.0,5.0,10.0,7.0,46.0,0.16956393450393523,0.1983812286366773
2024-05-27 03:04:05,0.0002240760939423,0.009294407757006,10.0,0.0,1.0,2.0,16.0,0.055910449205534854,0.0476662922153273
2024-05-27 05:04:30,0.0002240760939423,0.009294407757006,15.0,8.0,4.0,11.0,62.0,-0.0006931471805599453,0.6540693143767011
2024-05-27 07:04:54,0.0002240760939423,0.009294407757006,10.0,7.0,3.0,2.0,28.0,0.12389981705819651,0.10205185826019691
2024-05-27 09:05:19,0.0002240760939423,0.009294407757006,5.0,1.0,1.0,2.0,27.0,0.045922153214984704,0.0126318697940837
2024-05-27 11:05:44,0.0002240760939423,0.009294407757006,15.0,13.0,9.0,13.0,68.0,0.002079441541679836,0.6528529190523766
2024-05-27 13:06:08,0.0002240760939423,0.009294407757006,5.0,1.0,3.0,3.0,21.0,0.04510508208616683,0.010185369821921926
2024-05-27 15:06:33,0.0002240760939423,0.009294407757006,10.0,0.0,1.0,2.0,16.0,0.057945166981114585,0.05217822050714575
2024-05-27 17:06:57,0.0002240760939423,0.009294407757006,15.0,12.0,5.0,11.0,63.0,0.0077424020218157825,0.630658658241081
2024-05-27 19:07:25,0.0002207828227662,0.009294407757006,5.0,2.0,6.0,4.0,11.0,0.04220138392991862,0.0100573110183831
2024-05-27 21:07:49,0.0002207828227662,0.0099865650710368,15.0,6.0,3.0,5.0,42.0,0.034371972698574255,0.40846459390304435
2024-05-27 23:08:14,0.0002207828227662,0.0099865650710368,15.0,2.0,5.0,1.0,17.0,0.09773672265761293,0.10817279959649509
2024-05-28 01:08:37,0.0002207828227662,0.0099865650710368,15.0,2.0,2.0,4.0,16.0,0.11196234711639069,0.2042591190555384
2024-05-28 03:09:01,0.0002207828227662,0.0099865650710368,10.0,1.0,1.0,3.0,11.0,0.06945473475684008,0.056665419167766094
2024-05-28 05:09:25,0.0002207828227662,0.0099865650710368,5.0,0.0,2.0,2.0,15.0,0.014227357318274134,0.010613528993043526
2024-05-28 07:09:49,0.0002207828227662,0.0099865650710368,10.0,4.0,5.0,4.0,45.0,0.1092121682242992,0.19413575864771115
2024-05-28 09:10:13,0.0002201916006497,0.0099865650710368,10.0,7.0,8.0,3.0,47.0,0.1525911137380609,0.19520526893997572
2024-05-28 11:10:37,0.0002198156966548,0.0098470328390016,10.0,1.0,2.0,2.0,16.0,0.056077341448232385,0.05240452781011551
2024-05-28 13:11:04,0.0002198156966548,0.0098470328390016,15.0,5.0,5.0,4.0,39.0,0.055447119846907096,0.3363068411536072
2024-05-28 15:11:28,0.0002198156966548,0.0098470328390016,5.0,0.0,0.0,4.0,6.0,0.022611673108995665,0.0059818761462383735
2024-05-28 17:11:51,0.0002198156966548,0.0098470328390016,5.0,0.0,2.0,4.0,24.0,0.024925688963731298,0.006101551478762256
2024-05-28 19:12:15,0.0002198156966548,0.0098470328390016,10.0,1.0,3.0,2.0,12.0,0.0679702329263613,0.043935668428239684
2024-05-28 21:12:39,0.0002198156966548,0.0098470328390016,15.0,0.0,3.0,7.0,16.0,0.13883278047917605,0.23682754968492134
2024-05-29 17:28:55,0.0002198156966548,0.0098470328390016,15.0,3.0,4.0,4.0,17.0,0.14342588728381697,0.19539098381092918
2024-05-29 19:29:19,0.0002198156966548,0.0098470328390016,10.0,8.0,7.0,8.0,46.0,0.175954062510483,0.25682725649519855
2024-05-29 21:29:42,0.0002198156966548,0.0098470328390016,10.0,1.0,4.0,0.0,11.0,0.018956270520007402,0.026519099664216075
2024-05-29 23:30:06,0.0002198156966548,0.0098470328390016,10.0,5.0,4.0,7.0,26.0,0.1370765228021791,0.19004914932151257
2024-05-30 01:30:28,0.0002198156966548,0.0098470328390016,15.0,0.0,3.0,2.0,20.0,0.06354380969703778,0.12463428535490412
2024-05-30 03:30:51,0.0002198156966548,0.0098470328390016,10.0,6.0,7.0,3.0,51.0,0.13436416147944666,0.22222824635493887
2024-05-30 05:31:13,0.0002198156966548,0.0098470328390016,15.0,2.0,6.0,3.0,21.0,0.06210529803717829,0.15511970514658274
2024-05-30 07:31:36,0.0002198156966548,0.0098470328390016,15.0,7.0,10.0,5.0,33.0,0.05727049058696631,0.34660283168925726
2024-05-30 09:31:59,0.0002198156966548,0.0098470328390016,15.0,5.0,5.0,5.0,40.0,0.06800704814471514,0.3516360785583836
2024-05-30 11:32:21,0.0002198156966548,0.0098470328390016,5.0,3.0,5.0,5.0,21.0,0.040626676479026805,0.009948711742793204
2024-05-30 13:32:44,0.0002198156966548,0.0098470328390016,15.0,1.0,2.0,2.0,16.0,-0.0019527602316454814,0.08124837563287025
2024-05-30 15:33:04,0.0002198156966548,0.0098470328390016,15.0,6.0,9.0,12.0,65.0,0.005898526551448713,0.6424421603105996
2024-05-30 17:33:25,0.0002198156966548,0.0098470328390016,15.0,3.0,1.0,3.0,17.0,0.06044900411511821,0.09844533230942568
2024-05-30 19:33:48,0.0002198156966548,0.0098470328390016,15.0,3.0,3.0,2.0,21.0,0.07503758970640761,0.12284698450018885
2024-05-30 21:34:11,0.0002198156966548,0.0098470328390016,15.0,1.0,5.0,1.0,16.0,0.08552914637929089,0.09259696657911906
2024-05-30 23:34:33,0.0002198156966548,0.0098470328390016,10.0,4.0,5.0,5.0,46.0,0.09852760625693532,0.1873042013044806
2024-05-31 01:34:55,0.0002198156966548,0.0098470328390016,5.0,4.0,2.0,5.0,12.0,0.05513705529897166,0.012253824049942316
2024-05-31 03:35:18,0.0002198156966548,0.0098470328390016,10.0,1.0,1.0,1.0,16.0,0.03557973232989164,0.0463654863873416
2024-05-31 05:35:41,0.0002198156966548,0.0098470328390016,10.0,4.0,7.0,7.0,29.0,0.1335675148787802,0.20387242520800658
2024-05-31 07:36:04,0.0002198156966548,0.0098470328390016,15.0,7.0,18.0,15.0,63.0,0.002079441541679836,0.6611706852190955
2024-05-31 09:36:27,0.0002198156966548,0.0098470328390016,10.0,9.0,4.0,7.0,26.0,0.15483969832907976,0.16610535815449196
2024-05-31 11:36:49,0.0002198156966548,0.0098470328390016,5.0,3.0,3.0,1.0,14.0,0.006725750722369087,0.005053989952261971
2024-05-31 13:37:12,0.0002198156966548,1.0,5.0,0.0,3.0,0.0,7.0,0.012621715056449892,0.006112629037803686
2024-05-31 15:37:35,0.0002142187449239,0.0100878999416344,5.0,4.0,1.0,0.0,16.0,0.026905781191877812,0.007079385456062272
2024-05-31 17:37:57,0.0002142187449239,0.0100878999416344,10.0,12.0,8.0,6.0,37.0,0.12259684523208317,0.1658866594174132
2024-05-31 19:38:21,0.0002142187449239,0.0100878999416344,15.0,6.0,2.0,4.0,46.0,0.02655360886782391,0.4634972888683387
2024-05-31 21:38:43,0.0002142187449239,0.0100878999416344,5.0,0.0,1.0,1.0,6.0,0.01182035131665992,0.008446478817416909
2024-05-31 23:39:07,0.0002142187449239,0.0100878999416344,15.0,13.0,4.0,7.0,63.0,0.012712215321391782,0.6334748102305079
2024-06-01 01:39:30,0.0002142187449239,0.0100878999416344,5.0,2.0,0.0,4.0,24.0,0.021319507901953777,0.005320918698674654
2024-06-01 03:39:53,0.0002142187449239,0.0100878999416344,5.0,1.0,2.0,1.0,6.0,0.025213134034006157,0.0069798211934019765
2024-06-01 05:40:18,0.0002142187449239,0.0100878999416344,5.0,1.0,0.0,1.0,17.0,0.02336305953618259,0.00640110360637493
2024-06-01 07:40:42,0.0002142187449239,0.0100878999416344,5.0,1.0,0.0,1.0,7.0,0.024428050249948718,0.007819939640886932
2024-06-01 09:41:04,0.000216799145815,0.0100878999416344,15.0,7.0,7.0,6.0,36.0,0.104376138847561,0.41848023022559155
2024-06-01 11:41:27,0.0002198515399152,0.0096235683676821,15.0,4.0,1.0,7.0,39.0,0.0622847380454656,0.4509710940611664
2024-06-01 13:41:50,0.0002198515399152,0.0096235683676821,10.0,4.0,3.0,7.0,56.0,0.1076436459191726,0.2487089784525063
2024-06-01 15:42:11,0.0002198515399152,0.0096235683676821,5.0,0.0,0.0,1.0,16.0,0.020362821145085915,0.007867537002488973
2024-06-01 17:42:31,0.0002198515399152,0.0096235683676821,10.0,2.0,0.0,3.0,14.0,0.07902593174944145,0.057741340447207704
2024-06-01 19:42:53,0.0002198515399152,0.0096235683676821,15.0,7.0,5.0,5.0,33.0,0.06190960001616183,0.3947395531147226
2024-06-01 21:43:12,0.0002198515399152,0.0096235683676821,10.0,3.0,8.0,7.0,48.0,0.16673746795650782,0.23163920113018494
2024-06-01 23:43:33,0.0002198515399152,0.0096235683676821,15.0,1.0,5.0,8.0,47.0,0.023698338208072885,0.5569367395944698
2024-06-02 01:43:55,0.0002198515399152,0.0096235683676821,5.0,1.0,1.0,3.0,14.0,0.026891343616917803,0.0067241867799850644
2024-06-02 03:44:19,0.0002198515399152,0.0096235683676821,10.0,3.0,5.0,0.0,14.0,0.006594889413977921,0.032630981582030774
2024-06-02 05:44:41,0.0002198515399152,0.0096235683676821,15.0,6.0,8.0,9.0,64.0,-0.004158883083359672,0.6388065253710046
2024-06-02 07:45:04,0.0002198515399152,0.0096235683676821,15.0,4.0,12.0,13.0,66.0,-0.0006931471805599453,0.6644665220850994
2024-06-02 09:45:27,0.0002463939192769,0.0096235683676821,5.0,6.0,3.0,6.0,16.0,0.026087491148140463,0.006074483210358748
2024-06-02 11:45:49,0.0002463939192769,0.0105634953665087,10.0,4.0,3.0,6.0,48.0,0.12150841688902599,0.2468661996637423
2024-06-02 13:46:12,0.0002463939192769,0.0105634953665087,10.0,7.0,4.0,7.0,28.0,0.13548763680149487,0.19129833583527833
2024-06-02 15:46:33,0.0002463939192769,0.0105634953665087,15.0,9.0,10.0,7.0,37.0,0.02900690335843606,0.3611911617397605
2024-06-02 17:46:52,0.0002463939192769,0.0105634953665087,15.0,5.0,6.0,11.0,60.0,0.03040666646235812,0.5757434385046741
2024-06-02 19:47:14,0.0002463939192769,0.0105634953665087,5.0,0.0,0.0,3.0,5.0,0.01607937582626163,0.007194644107421096
2024-06-02 21:47:35,0.0002463939192769,0.0105634953665087,10.0,1.0,2.0,5.0,32.0,0.14070350460433387,0.1640608743766745
2024-06-02 23:47:57,0.0002463939192769,0.0105634953665087,5.0,2.0,1.0,3.0,22.0,0.029410307403270414,0.006999871179700041
2024-06-03 01:48:18,0.0002463939192769,0.0105634953665087,10.0,2.0,3.0,1.0,13.0,0.030402864296183836,0.0287034269462323
2024-06-03 03:48:39,0.0002463939192769,0.0105634953665087,15.0,4.0,0.0,2.0,18.0,0.08911166710352247,0.11147376228172533
2024-06-03 05:49:01,0.0002463939192769,0.0105634953665087,5.0,2.0,1.0,4.0,23.0,0.026725512630106016,0.006561513333176147
2024-06-03 07:49:21,0.0002463939192769,0.0105634953665087,15.0,9.0,6.0,16.0,61.0,0.013575261538747127,0.6219875429673931
2024-06-03 09:49:45,0.0002463939192769,0.0105634953665087,15.0,6.0,6.0,8.0,61.0,0.03795319589400159,0.5862067702583873
2024-06-03 11:50:09,0.0002463939192769,0.0105634953665087,10.0,2.0,3.0,2.0,12.0,0.06360031221937522,0.03145110870751877
2024-06-03 13:50:30,0.0002463939192769,0.0105634953665087,15.0,4.0,8.0,6.0,40.0,0.10917064330806693,0.4697392647759109
2024-06-03 15:50:51,0.0002463939192769,0.0105634953665087,15.0,1.0,3.0,3.0,20.0,0.11277822698466267,0.17433762885015547
2024-06-03 17:51:15,0.0002463939192769,0.0105634953665087,15.0,7.0,7.0,6.0,39.0,0.06117690199514582,0.400605330438493
2024-06-03 19:51:39,0.0002463939192769,0.0105634953665087,10.0,9.0,4.0,8.0,47.0,0.14675196227198253,0.2199119064148094
2024-06-03 21:52:02,0.0002463939192769,0.0105634953665087,15.0,3.0,4.0,6.0,39.0,0.06303971095979873,0.43105016761589887
2024-06-03 23:52:26,0.0002463939192769,0.0105634953665087,15.0,3.0,4.0,4.0,16.0,0.08197690570931175,0.15398143569223544
2024-06-04 01:52:49,0.0002463939192769,0.0105634953665087,10.0,2.0,6.0,4.0,50.0,0.06814530618135206,0.2052201122722399
2024-06-04 03:53:13,0.0002463939192769,0.0105634953665087,5.0,6.0,4.0,2.0,12.0,0.016661810374303112,0.006920528300886906
2024-06-04 05:53:36,0.000214894559986,0.0105634953665087,10.0,4.0,4.0,4.0,11.0,0.06028454679664047,0.049971171281624385
2024-06-04 07:53:59,0.000214894559986,0.0105634953665087,5.0,0.0,1.0,1.0,17.0,0.016690036746851204,0.0075109334619167835
2024-06-04 09:54:23,0.000214894559986,0.0105634953665087,10.0,2.0,0.0,2.0,11.0,0.026129872153184554,0.0351524885560984
2024-06-04 11:54:46,0.000214894559986,0.0105634953665087,10.0,11.0,8.0,10.0,43.0,0.18640051659013696,0.20818821577046903
2024-06-04 13:55:09,0.000214894559986,0.0105634953665087,15.0,6.0,8.0,9.0,42.0,0.04158883083359673,0.5144982263202234
2024-06-04 15:55:34,0.000214894559986,0.0105634953665087,10.0,3.0,2.0,5.0,31.0,0.0803986571647433,0.090410403921273
2024-06-04 17:55:57,0.000214894559986,0.0105634953665087,15.0,7.0,3.0,4.0,46.0,0.029250565845646444,0.37652358165120503
2024-06-04 19:56:19,0.0002140595581647,0.0094958093661214,10.0,0.0,0.0,3.0,12.0,0.045182099329445176,0.04215636753530709
2024-06-04 21:56:41,0.0002140595581647,0.0094958093661214,15.0,8.0,3.0,5.0,36.0,0.05293780410276759,0.37144769224238516
2024-06-04 23:57:02,0.0002140595581647,0.0094958093661214,10.0,1.0,5.0,4.0,35.0,0.12887526497546936,0.15170829363978727
2024-06-05 01:57:25,0.0002140595581647,0.0094958093661214,10.0,7.0,4.0,4.0,29.0,0.10907149869114997,0.14193726719751582
2024-06-05 03:57:49,0.0002140595581647,0.0094958093661214,15.0,4.0,7.0,13.0,37.0,0.0,0.64929545811449
2024-06-05 05:58:12,0.0002140595581647,0.0094958093661214,5.0,0.0,3.0,2.0,14.0,0.030921326378010858,0.0071282841495586575
2024-06-05 07:58:35,0.0002140595581647,0.0094958093661214,15.0,6.0,6.0,6.0,47.0,0.06778328203414073,0.46941410893794944
2024-06-05 09:58:57,0.0002140595581647,0.0094958093661214,10.0,3.0,1.0,4.0,12.0,0.029479533984175424,0.05618778446779211
2024-06-05 11:59:21,0.0002140595581647,0.0094958093661214,10.0,1.0,2.0,2.0,15.0,0.019738880383156205,0.0468069663301087
2024-06-05 13:59:43,0.0002246840422264,0.0094958093661214,5.0,5.0,4.0,0.0,19.0,0.020872186763016023,0.006140467179522681
2024-06-05 16:00:06,0.0002246840422264,0.0094958093661214,15.0,11.0,12.0,11.0,61.0,0.011731386068380057,0.6177369348489464
2024-06-05 18:00:30,0.0002246840422264,0.0094958093661214,15.0,11.0,15.0,7.0,63.0,0.043516109509429135,0.57978212267762
2024-06-05 20:00:53,0.0002246840422264,0.0094609420791446,15.0,8.0,7.0,5.0,65.0,0.010874151312308894,0.5692942180617901
2024-06-05 22:01:16,0.0002246840422264,0.009674909620915,15.0,13.0,8.0,8.0,58.0,0.03300935614780251,0.5678472919289763
2024-06-06 00:01:38,0.0002246840422264,0.009674909620915,15.0,6.0,6.0,7.0,38.0,0.07477728301961817,0.47881598079783316
2024-06-06 02:02:01,0.0002246840422264,0.009674909620915,10.0,6.0,10.0,12.0,46.0,0.15310478283053222,0.2646926405843138
2024-06-06 04:02:24,0.0002246840422264,0.009674909620915,15.0,5.0,3.0,10.0,31.0,0.09804183862956796,0.3769385432048481
2024-06-06 06:02:47,0.0002246840422264,0.009674909620915,10.0,6.0,4.0,5.0,26.0,0.10077945034489141,0.12174310120882814
2024-06-06 08:03:10,0.0002246840422264,0.009674909620915,5.0,0.0,0.0,2.0,6.0,0.022007492957371835,0.008422177857240313
2024-05-21 20:39:43,0.0002110316956617,0.0090429246050075,5.0,3.0,2.0,3.0,14.0,0.02454490095627665,0.007737846538693841
2024-05-21 22:40:05,0.0002110316956617,0.0090429246050075,10.0,2.0,1.0,2.0,13.0,0.06088503336250924,0.0411230001587837
2024-05-22 00:40:28,0.0002110316956617,0.0090429246050075,10.0,2.0,1.0,1.0,16.0,0.014150418877133196,0.047709115489562415
2024-05-22 02:40:51,0.0002110316956617,0.0090429246050075,10.0,1.0,4.0,6.0,30.0,0.09672394951407698,0.16903131344087036
2024-05-22 04:41:15,0.0002110316956617,0.0090429246050075,15.0,7.0,3.0,6.0,39.0,0.10484329952929618,0.4701282293316193
2024-05-22 06:41:40,0.0002110316956617,0.0090429246050075,10.0,0.0,0.0,2.0,18.0,0.0665410282474895,0.04833565820354627
2024-05-22 08:42:04,0.0002110316956617,0.0090429246050075,15.0,1.0,2.0,2.0,18.0,0.033210414920190015,0.09318076286315169
2024-05-22 10:42:27,0.0002110316956617,0.0090429246050075,5.0,2.0,4.0,5.0,18.0,0.028879406245686683,0.007149898863495361
2024-05-22 12:42:51,0.0002110316956617,0.0090429246050075,15.0,7.0,18.0,7.0,66.0,0.012319172733282174,0.6233392265939918
2024-05-22 14:43:15,0.0002110316956617,0.0090429246050075,15.0,2.0,2.0,3.0,20.0,0.08152936510935044,0.16627561793001044
2024-05-22 16:43:40,0.0002110316956617,0.0090429246050075,5.0,3.0,0.0,1.0,5.0,0.013477986153362521,0.005502770413328725
2024-05-22 18:44:03,0.0002110316956617,0.0090429246050075,15.0,6.0,9.0,8.0,70.0,0.0,0.6632501267607753
2024-05-22 20:44:27,0.0002110316956617,0.0090429246050075,15.0,2.0,3.0,1.0,22.0,0.056581957407364596,0.11770951542623545
2024-05-22 22:44:51,0.0002179412677944,0.0093059469904804,10.0,2.0,8.0,1.0,52.0,0.11621201226629117,0.19177622297786714
2024-05-23 00:45:15,0.0002179412677944,0.0093059469904804,15.0,6.0,6.0,5.0,15.0,0.10279939983423564,0.1644440095609386
2024-05-23 02:45:38,0.0002179412677944,0.0093059469904804,15.0,4.0,3.0,3.0,19.0,0.06330640056634323,0.14423584228402847
2024-05-23 04:46:01,0.0002179412677944,0.0093059469904804,10.0,2.0,3.0,3.0,14.0,0.08494078362015177,0.06967909208685891
2024-05-23 06:46:23,0.0002179412677944,0.0093059469904804,10.0,4.0,1.0,4.0,9.0,0.03813282451674389,0.044066267415133496
2024-05-23 08:46:48,0.0002179412677944,0.0093059469904804,10.0,2.0,7.0,4.0,11.0,0.055487608157865374,0.05175679175599128
2024-05-23 10:47:09,0.0002179412677944,0.0093059469904804,10.0,8.0,7.0,1.0,48.0,0.12878653808424748,0.19444898944181044
2024-05-23 12:47:31,0.0002179412677944,0.0093059469904804,15.0,5.0,6.0,3.0,44.0,0.06505967638629236,0.43554522254443917
2024-05-23 14:47:54,0.0002179412677944,0.0093059469904804,5.0,0.0,5.0,1.0,13.0,0.029692918212939935,0.009145025783516975
2024-05-23 16:48:18,0.0002179412677944,0.0093059469904804,5.0,3.0,3.0,3.0,21.0,0.03036748295206864,0.006989345496574683
2024-05-23 18:48:40,0.0002179412677944,0.0093059469904804,10.0,2.0,2.0,3.0,31.0,0.10525386848163852,0.14518758382075647
2024-05-23 20:49:04,0.0002179412677944,0.0093059469904804,15.0,1.0,2.0,2.0,17.0,0.0858275429765715,0.1043402161347878
2024-05-23 22:49:25,0.0002179412677944,0.0093059469904804,15.0,2.0,2.0,7.0,17.0,0.10168520653485327,0.2687481871065505
2024-05-24 00:49:46,0.0002179412677944,0.0093059469904804,10.0,7.0,8.0,7.0,42.0,0.15134811367367967,0.1990227907947181
2024-05-24 02:50:08,0.0002179412677944,0.0093059469904804,15.0,12.0,8.0,11.0,58.0,0.005375278407684165,0.6383057807932855
2024-05-24 04:50:30,0.0002179412677944,0.0093059469904804,5.0,1.0,2.0,1.0,6.0,0.017068624699253784,0.005074535784635773
2024-05-24 06:50:54,0.0002179412677944,0.0093059469904804,5.0,4.0,3.0,1.0,24.0,0.04090461952378394,0.008908345496647707
2024-05-24 08:51:16,0.0002179412677944,0.0093059469904804,5.0,1.0,2.0,1.0,6.0,0.019815950243252604,0.006248339869301343
2024-05-24 10:51:38,0.0002144585925115,0.0093059469904804,5.0,2.0,3.0,1.0,15.0,0.011994465831027167,0.006767816886014955
2024-05-24 12:52:02,0.0002144585925115,0.0093059469904804,10.0,3.0,8.0,10.0,46.0,0.1975827748462842,0.2464731062699697
2024-05-24 14:52:25,0.0002144585925115,0.0093059469904804,10.0,1.0,0.0,2.0,11.0,0.04737382465178241,0.03695550492869264
2024-05-24 16:52:45,0.0002144585925115,0.0093059469904804,5.0,3.0,4.0,6.0,20.0,0.039659599004325384,0.009163968836682381
2024-05-24 18:53:08,0.0002144585925115,0.0093059469904804,10.0,9.0,7.0,7.0,46.0,0.17352098454187323,0.22764449848477863
2024-05-24 20:53:31,0.0002144585925115,0.0093059469904804,5.0,2.0,0.0,0.0,7.0,0.006058546997522384,0.002287017643304989
2024-05-24 22:53:53,0.0002144585925115,0.0093059469904804,15.0,6.0,5.0,2.0,16.0,0.06411766119997848,0.08832145210863568
2024-05-25 00:54:15,0.0002144585925115,0.0093059469904804,15.0,9.0,11.0,6.0,38.0,0.10541056722539018,0.37636870022737834
2024-05-25 02:54:36,0.0002144585925115,0.0093059469904804,10.0,2.0,0.0,2.0,11.0,0.03581819341634746,0.03387880400924427
2024-05-25 04:54:59,0.0002144585925115,0.0091428516980973,15.0,12.0,9.0,10.0,62.0,0.014843772864210633,0.6181820089910027
2024-05-25 06:55:22,0.0002161769389329,0.0091428516980973,5.0,2.0,0.0,0.0,16.0,0.04001557307977233,0.011273053403876881
2024-05-25 08:55:45,0.0002161769389329,0.0091428516980973,5.0,8.0,2.0,2.0,21.0,0.03322831810230378,0.007888927047029662
2024-05-25 10:56:07,0.0002161769389329,0.0091428516980973,15.0,5.0,6.0,1.0,46.0,0.06577890966215899,0.37887032861874204
2024-05-25 12:56:29,0.0002161769389329,0.0091428516980973,5.0,2.0,3.0,2.0,16.0,0.028502556069202416,0.00893392733583472
2024-05-25 14:56:53,0.0002161769389329,0.0091428516980973,5.0,5.0,2.0,4.0,21.0,0.029026731779024442,0.007031232275892461
2024-05-25 16:57:17,0.0002161769389329,0.0091428516980973,10.0,6.0,9.0,8.0,44.0,0.22990506448759068,0.2417429696073973
2024-05-25 18:57:40,0.0002161769389329,0.0088977441418841,15.0,7.0,3.0,10.0,58.0,0.012818704350429408,0.5565222277782165
2024-05-25 20:58:04,0.0002161769389329,0.0088977441418841,10.0,5.0,2.0,3.0,30.0,0.10699233173863894,0.14031290141533276
2024-05-25 22:58:28,0.0002161769389329,0.0088977441418841,15.0,14.0,5.0,12.0,58.0,0.0015561933979152875,0.6254051171022934
2024-05-26 00:58:51,0.0002161769389329,0.0088977441418841,10.0,1.0,2.0,0.0,14.0,0.033342251569844696,0.03532369437477645
2024-05-26 02:59:16,0.0002161769389329,0.0088977441418841,15.0,10.0,11.0,11.0,61.0,0.007624618986159399,0.6440900787436015
2024-05-26 04:59:40,0.0002161769389329,0.0088977441418841,15.0,7.0,6.0,13.0,62.0,0.0027725887222397813,0.6620337314364511
2024-05-26 07:00:05,0.0002161769389329,0.0088977441418841,10.0,1.0,4.0,7.0,31.0,0.07868968696437037,0.1599211931690231
2024-05-26 09:00:28,0.0002161769389329,0.0088977441418841,5.0,0.0,0.0,1.0,8.0,0.022976036834597976,0.007539794770313227
2024-05-26 11:00:52,0.0002240760939423,0.009294407757006,15.0,5.0,5.0,4.0,44.0,0.03732167125403743,0.44972347753380926
2024-05-26 13:01:16,0.0002240760939423,0.009294407757006,10.0,11.0,5.0,7.0,41.0,0.17259677763711814,0.22149795655859122
2024-05-26 15:01:40,0.0002240760939423,0.009294407757006,10.0,1.0,1.0,1.0,12.0,0.02222983670501263,0.025958539314027054
2024-05-26 17:02:05,0.0002240760939423,0.009294407757006,10.0,2.0,1.0,7.0,31.0,0.12188064608745006,0.139052752816822
2024-05-26 19:02:29,0.0002240760939423,0.009294407757006,15.0,5.0,9.0,1.0,42.0,0.08989065401299554,0.3150157800360356
2024-05-26 21:02:53,0.0002240760939423,0.009294407757006,5.0,1.0,2.0,3.0,12.0,0.03237793635473619,0.007988707810713681
2024-05-26 23:03:17,0.0002240760939423,0.009294407757006,15.0,8.0,14.0,15.0,54.0,-0.0027725887222397813,0.6616022083277731
2024-05-27 01:03:41,0.0002240760939423,0.009294407757006,10.0,2.0,1.0,3.0,15.0,0.03222432094458692,0.04240556240794173
2024-05-27 03:04:05,0.0002240760939423,0.009294407757006,10.0,1.0,2.0,1.0,16.0,0.018294839600682008,0.05142897614449583
2024-05-27 05:04:30,0.0002240760939423,0.009294407757006,5.0,1.0,0.0,5.0,21.0,0.016518627504455236,0.0037368773743688406
2024-05-27 07:04:54,0.0002240760939423,0.009294407757006,5.0,2.0,3.0,1.0,13.0,0.018051348020679696,0.009825525161270374
2024-05-27 09:05:19,0.0002240760939423,0.009294407757006,15.0,2.0,5.0,3.0,16.0,0.03322328404677468,0.15115385096231249
2024-05-27 11:05:44,0.0002240760939423,0.009294407757006,15.0,12.0,10.0,8.0,62.0,0.0034657359027997266,0.6341108431105023
2024-05-27 13:06:08,0.0002240760939423,0.009294407757006,15.0,6.0,7.0,8.0,39.0,0.038056507072573596,0.5030739856786941
2024-05-27 15:06:33,0.0002240760939423,0.009294407757006,5.0,0.0,6.0,4.0,13.0,0.025633897604594363,0.007402048711179959
2024-05-27 17:06:57,0.0002240760939423,0.009294407757006,15.0,1.0,2.0,4.0,12.0,0.08584861645067912,0.08584054795022028
2024-05-27 19:07:25,0.0002207828227662,0.009294407757006,10.0,10.0,9.0,7.0,41.0,0.15432235489879145,0.2023876210530246
2024-05-27 21:07:49,0.0002207828227662,0.0099865650710368,15.0,8.0,7.0,5.0,39.0,0.08764110680162238,0.3889753543231067
2024-05-27 23:08:14,0.0002207828227662,0.0099865650710368,5.0,1.0,2.0,4.0,16.0,0.02123606115162542,0.005381468834655022
2024-05-28 01:08:37,0.0002207828227662,0.0099865650710368,5.0,0.0,2.0,0.0,7.0,0.02389912298534039,0.007010898914058696
2024-05-28 03:09:01,0.0002207828227662,0.0099865650710368,15.0,15.0,16.0,6.0,62.0,0.05211385879173083,0.5768425078041395
2024-05-28 05:09:25,0.0002207828227662,0.0099865650710368,15.0,3.0,3.0,2.0,17.0,0.04682410945402463,0.11259177323489208
2024-05-28 07:09:49,0.0002207828227662,0.0099865650710368,5.0,2.0,2.0,2.0,5.0,-0.004676805195939096,0.010461394631227146
2024-05-28 09:10:13,0.0002201916006497,0.0099865650710368,15.0,7.0,5.0,5.0,39.0,0.1068019852384556,0.4151114641761898
2024-05-28 11:10:37,0.0002198156966548,0.0098470328390016,5.0,4.0,1.0,3.0,14.0,0.024834433576095643,0.006393734593929616
2024-05-28 13:11:04,0.0002198156966548,0.0098470328390016,10.0,4.0,6.0,9.0,47.0,0.11078214284341968,0.2605828651675102
2024-05-28 15:11:28,0.0002198156966548,0.0098470328390016,15.0,6.0,9.0,11.0,61.0,0.005545177444479563,0.6336928710352032
2024-05-28 17:11:51,0.0002198156966548,0.0098470328390016,15.0,2.0,6.0,1.0,13.0,0.04177122542434357,0.10335199540658432
2024-05-28 19:12:15,0.0002198156966548,0.0098470328390016,15.0,12.0,7.0,12.0,63.0,0.0,0.6381133781904444
2024-05-28 21:12:39,0.0002198156966548,0.0098470328390016,10.0,6.0,6.0,10.0,40.0,0.17218191274361397,0.251098123196528
2024-05-29 17:28:55,0.0002198156966548,0.0098470328390016,10.0,4.0,6.0,6.0,26.0,0.0982286159035283,0.11528051742525997
2024-05-29 19:29:19,0.0002198156966548,0.0098470328390016,10.0,6.0,5.0,6.0,26.0,0.1366805921817354,0.15095926449559105
2024-05-29 21:29:42,0.0002198156966548,0.0098470328390016,5.0,2.0,1.0,2.0,13.0,0.02113390685189654,0.007918879006723882
2024-05-29 23:30:06,0.0002198156966548,0.0098470328390016,15.0,0.0,3.0,3.0,16.0,0.08748825585222873,0.13641334774213498
2024-05-30 01:30:28,0.0002198156966548,0.0098470328390016,15.0,2.0,1.0,2.0,20.0,0.08636263533332769,0.1292996430379129
2024-05-30 03:30:51,0.0002198156966548,0.0098470328390016,10.0,5.0,1.0,8.0,23.0,0.1307013769442693,0.16566611958027647
2024-05-30 05:31:13,0.0002198156966548,0.0098470328390016,10.0,1.0,4.0,2.0,12.0,0.014344204071178264,0.037608725593985065
2024-05-30 07:31:36,0.0002198156966548,0.0098470328390016,5.0,2.0,4.0,0.0,13.0,0.02449675538669758,0.01006763864398811
2024-05-30 09:31:59,0.0002198156966548,0.0098470328390016,15.0,2.0,0.0,3.0,23.0,0.10677683026814519,0.15993606459403825
2024-05-30 11:32:21,0.0002198156966548,0.0098470328390016,15.0,3.0,2.0,0.0,23.0,0.053251135354858925,0.08880922938905476
2024-05-30 13:32:44,0.0002198156966548,0.0098470328390016,5.0,4.0,2.0,3.0,23.0,0.02294237544904041,0.005656444892003778
2024-05-30 15:33:04,0.0002198156966548,0.0098470328390016,15.0,8.0,11.0,12.0,67.0,0.005545177444479563,0.6594310417510065
2024-05-30 17:33:25,0.0002198156966548,0.0098470328390016,15.0,5.0,10.0,2.0,43.0,0.03234410120696464,0.36065363625970503
2024-05-30 19:33:48,0.0002198156966548,0.0098470328390016,5.0,2.0,1.0,2.0,15.0,0.04520250307225632,0.012540403818077753
2024-05-30 21:34:11,0.0002198156966548,0.0098470328390016,10.0,4.0,1.0,3.0,12.0,0.05237024934435136,0.04584670347349372
2024-05-30 23:34:33,0.0002198156966548,0.0098470328390016,10.0,2.0,7.0,2.0,34.0,0.09301391430983551,0.1453744724825986
2024-05-31 01:34:55,0.0002198156966548,0.0098470328390016,5.0,2.0,2.0,0.0,14.0,0.021607866093647125,0.007577752652206931
2024-05-31 03:35:18,0.0002198156966548,0.0098470328390016,15.0,8.0,8.0,11.0,64.0,0.019280172526783126,0.5929995507147476
2024-05-31 05:35:41,0.0002198156966548,0.0098470328390016,15.0,6.0,8.0,11.0,58.0,0.0038190850097688774,0.6286709417344882
2024-05-31 07:36:04,0.0002198156966548,0.0098470328390016,15.0,7.0,3.0,11.0,58.0,-0.0027725887222397813,0.6581364724249738
2024-05-31 09:36:27,0.0002198156966548,0.0098470328390016,10.0,3.0,4.0,2.0,13.0,0.05967358805293236,0.04777052633122735
2024-05-31 11:36:49,0.0002198156966548,0.0098470328390016,5.0,1.0,3.0,2.0,13.0,0.026598680659393976,0.010603956085997155
2024-05-31 13:37:12,0.0002198156966548,1.0,15.0,10.0,3.0,6.0,41.0,0.09896652926581972,0.40034166004191984
2024-05-31 15:37:35,0.0002142187449239,0.0100878999416344,5.0,2.0,0.0,4.0,23.0,0.022018560981567563,0.004893400525500108
2024-05-31 17:37:57,0.0002142187449239,0.0100878999416344,15.0,9.0,3.0,9.0,76.0,-0.0006931471805599453,0.6658528164462194
2024-05-31 19:38:21,0.0002142187449239,0.0100878999416344,10.0,7.0,3.0,1.0,27.0,0.0826756173270267,0.08173941863211065
2024-05-31 21:38:43,0.0002142187449239,0.0100878999416344,10.0,2.0,2.0,2.0,16.0,0.07153358112163777,0.05361737476514834
2024-05-31 23:39:07,0.0002142187449239,0.0100878999416344,10.0,8.0,7.0,8.0,42.0,0.18114418566238202,0.2231660179565553
2024-06-01 01:39:30,0.0002142187449239,0.0100878999416344,15.0,7.0,4.0,2.0,39.0,0.12054242183771256,0.28762602899963463
2024-06-01 03:39:53,0.0002142187449239,0.0100878999416344,15.0,5.0,1.0,3.0,18.0,0.06540199024124674,0.12209169453618965
2024-06-01 05:40:18,0.0002142187449239,0.0100878999416344,15.0,1.0,3.0,0.0,19.0,0.06489611523958992,0.10465795306467288
2024-06-01 07:40:42,0.0002142187449239,0.0100878999416344,5.0,0.0,3.0,3.0,13.0,0.026111196747417298,0.006521167739478462
2024-06-01 09:41:04,0.000216799145815,0.0100878999416344,5.0,0.0,0.0,1.0,7.0,0.006968174116118923,0.004685883413898646
2024-06-01 11:41:27,0.0002198515399152,0.0096235683676821,10.0,3.0,1.0,0.0,15.0,0.053288842658931614,0.04447608374187503
2024-06-01 13:41:50,0.0002198515399152,0.0096235683676821,5.0,6.0,2.0,3.0,20.0,0.038669189058767525,0.009090436466728188
2024-06-01 15:42:11,0.0002198515399152,0.0096235683676821,15.0,7.0,1.0,6.0,38.0,0.050786735199203764,0.4299295816836556
2024-06-01 17:42:31,0.0002198515399152,0.0096235683676821,5.0,0.0,0.0,1.0,9.0,0.023326285444958347,0.011057735390805526
2024-06-01 19:42:53,0.0002198515399152,0.0096235683676821,15.0,4.0,11.0,9.0,64.0,0.02647092693031267,0.6123224472060298
2024-06-01 21:43:12,0.0002198515399152,0.0096235683676821,10.0,7.0,5.0,6.0,45.0,0.07970183007176301,0.22431416835349105
2024-06-01 23:43:33,0.0002198515399152,0.0096235683676821,15.0,3.0,2.0,0.0,16.0,0.07305361860356374,0.07037817607934427
2024-06-02 01:43:55,0.0002198515399152,0.0096235683676821,10.0,2.0,2.0,4.0,37.0,0.1151434075600302,0.14503963906278913
2024-06-02 03:44:19,0.0002198515399152,0.0096235683676821,10.0,5.0,4.0,5.0,26.0,0.09549438136755908,0.13753694815550593
2024-06-02 05:44:41,0.0002198515399152,0.0096235683676821,10.0,7.0,4.0,8.0,52.0,0.12364625181787912,0.29087772625767516
2024-06-02 07:45:04,0.0002198515399152,0.0096235683676821,10.0,6.0,6.0,2.0,29.0,0.039955396537538636,0.09953185760213887
2024-06-02 09:45:27,0.0002463939192769,0.0096235683676821,5.0,2.0,3.0,3.0,14.0,0.022653745607924304,0.012657979805600942
2024-06-02 11:45:49,0.0002463939192769,0.0105634953665087,10.0,6.0,12.0,4.0,29.0,0.09093250529257775,0.163673340189061
2024-06-02 13:46:12,0.0002463939192769,0.0105634953665087,15.0,6.0,8.0,7.0,42.0,0.07123723354149755,0.4592051982115908
2024-06-02 15:46:33,0.0002463939192769,0.0105634953665087,10.0,0.0,3.0,1.0,15.0,0.06434296658464754,0.0442985540255509
2024-06-02 17:46:52,0.0002463939192769,0.0105634953665087,15.0,5.0,9.0,7.0,67.0,0.02409573482813726,0.5703326555895609
2024-06-02 19:47:14,0.0002463939192769,0.0105634953665087,10.0,2.0,1.0,3.0,15.0,0.08702657677855809,0.08630653258785209
2024-06-02 21:47:35,0.0002463939192769,0.0105634953665087,10.0,3.0,3.0,5.0,29.0,0.13243923326968116,0.1676278000306562
2024-06-02 23:47:57,0.0002463939192769,0.0105634953665087,5.0,2.0,6.0,1.0,20.0,0.014682069950272443,0.00362793290269701
2024-06-03 01:48:18,0.0002463939192769,0.0105634953665087,15.0,7.0,6.0,4.0,43.0,0.06308188735153498,0.35027090384117615
2024-06-03 03:48:39,0.0002463939192769,0.0105634953665087,10.0,8.0,3.0,12.0,46.0,0.15758917305984407,0.2717690557986895
2024-06-03 05:49:01,0.0002463939192769,0.0105634953665087,10.0,3.0,2.0,7.0,12.0,0.035043367387837185,0.07854771527010102
2024-06-03 07:49:21,0.0002463939192769,0.0105634953665087,10.0,4.0,8.0,9.0,43.0,0.11746980082592724,0.19533684510464094
2024-06-03 09:49:45,0.0002463939192769,0.0105634953665087,5.0,0.0,0.0,0.0,8.0,0.019044553939650564,0.006373712953355945
2024-06-03 11:50:09,0.0002463939192769,0.0105634953665087,5.0,3.0,2.0,4.0,23.0,0.029146689383503812,0.0070501711907583675
2024-06-03 13:50:30,0.0002463939192769,0.0105634953665087,5.0,0.0,0.0,1.0,8.0,0.010990952635418575,0.00379582529701282
2024-06-03 15:50:51,0.0002463939192769,0.0105634953665087,10.0,3.0,4.0,2.0,11.0,0.04686982070351346,0.044892014215322976
2024-06-03 17:51:15,0.0002463939192769,0.0105634953665087,5.0,5.0,1.0,2.0,14.0,0.029458402800987597,0.0070285869582267495
2024-06-03 19:51:39,0.0002463939192769,0.0105634953665087,15.0,10.0,8.0,12.0,68.0,0.0,0.6332613479265254
2024-06-03 21:52:02,0.0002463939192769,0.0105634953665087,15.0,7.0,5.0,8.0,76.0,0.0013862943611198907,0.6665459636267792
2024-06-03 23:52:26,0.0002463939192769,0.0105634953665087,15.0,3.0,0.0,3.0,17.0,0.09367150128634222,0.18491508779340352
2024-06-04 01:52:49,0.0002463939192769,0.0105634953665087,5.0,3.0,2.0,1.0,4.0,0.015031049485681043,0.0038079230835395854
2024-06-04 03:53:13,0.0002463939192769,0.0105634953665087,10.0,3.0,0.0,2.0,12.0,0.018170015794686953,0.03711850514433018
2024-06-04 05:53:36,0.000214894559986,0.0105634953665087,5.0,2.0,0.0,0.0,7.0,0.013549139910305881,0.009445015193761477
2024-06-04 07:53:59,0.000214894559986,0.0105634953665087,10.0,3.0,1.0,2.0,15.0,0.03570983854541065,0.0460627667668506
2024-06-04 09:54:23,0.000214894559986,0.0105634953665087,10.0,7.0,2.0,3.0,28.0,0.11136980940907912,0.11368975179462718
2024-06-04 11:54:46,0.000214894559986,0.0105634953665087,5.0,0.0,5.0,2.0,21.0,0.03359733921731238,0.008273243587948774
2024-06-04 13:55:09,0.000214894559986,0.0105634953665087,10.0,1.0,3.0,2.0,11.0,0.05144846277903634,0.036413931538744365
2024-06-04 15:55:34,0.000214894559986,0.0105634953665087,15.0,4.0,3.0,3.0,19.0,0.1207973464775619,0.20483549593960054
2024-06-04 17:55:57,0.000214894559986,0.0105634953665087,15.0,12.0,7.0,10.0,66.0,0.0035835189384561096,0.6170573387017653
2024-06-04 19:56:19,0.0002140595581647,0.0094958093661214,15.0,0.0,4.0,3.0,16.0,0.08358841992715113,0.12809483088884077
2024-06-04 21:56:41,0.0002140595581647,0.0094958093661214,5.0,2.0,2.0,1.0,14.0,0.026485352661943008,0.0066142568017712
2024-06-04 23:57:02,0.0002140595581647,0.0094958093661214,15.0,1.0,4.0,2.0,22.0,0.05555454468569058,0.16857025499313777
2024-06-05 01:57:25,0.0002140595581647,0.0094958093661214,5.0,2.0,1.0,3.0,12.0,0.045226010146958276,0.010800911443683628
2024-06-05 03:57:49,0.0002140595581647,0.0094958093661214,5.0,2.0,2.0,0.0,13.0,0.017023465209186166,0.008948208343598142
2024-06-05 05:58:12,0.0002140595581647,0.0094958093661214,10.0,2.0,8.0,4.0,32.0,0.09856889656110694,0.16658744373063517
2024-06-05 07:58:35,0.0002140595581647,0.0094958093661214,15.0,6.0,10.0,4.0,65.0,0.024748691336620478,0.5425416847140865
2024-06-05 09:58:57,0.0002140595581647,0.0094958093661214,15.0,9.0,9.0,14.0,62.0,0.002079441541679836,0.629612161953552
2024-06-05 11:59:21,0.0002140595581647,0.0094958093661214,10.0,4.0,6.0,5.0,46.0,0.13261424811853983,0.20559476151309247
2024-06-05 13:59:43,0.0002246840422264,0.0094958093661214,10.0,7.0,7.0,12.0,47.0,0.1525846351849787,0.1959254770788827
2024-06-05 16:00:06,0.0002246840422264,0.0094958093661214,5.0,0.0,1.0,0.0,7.0,0.03377060517628953,0.008388324385986436
2024-06-05 18:00:30,0.0002246840422264,0.0094958093661214,15.0,8.0,5.0,6.0,41.0,0.058393670296074396,0.4422552984290281
2024-06-05 20:00:53,0.0002246840422264,0.0094609420791446,15.0,8.0,13.0,10.0,69.0,0.002079441541679836,0.6464311443571638
2024-06-05 22:01:16,0.0002246840422264,0.009674909620915,15.0,10.0,9.0,17.0,66.0,0.005545177444479563,0.6678405329528121
2024-06-06 00:01:38,0.0002246840422264,0.009674909620915,15.0,2.0,3.0,2.0,17.0,0.054040964279660465,0.10956136671739475
2024-06-06 02:02:01,0.0002246840422264,0.009674909620915,5.0,2.0,0.0,1.0,5.0,0.01204484862495212,0.004085461627140578
2024-06-06 04:02:24,0.0002246840422264,0.009674909620915,10.0,3.0,6.0,4.0,50.0,0.12329737427367252,0.21816243208514047
2024-06-06 06:02:47,0.0002246840422264,0.009674909620915,10.0,4.0,5.0,4.0,31.0,0.06918779319629352,0.1032081250425601
2024-06-06 08:03:10,0.0002246840422264,0.009674909620915,10.0,0.0,0.0,2.0,17.0,0.05734884098076709,0.05886142601532446
2024-05-21 20:39:43,0.0002110316956617,0.0090429246050075,15.0,13.0,9.0,11.0,57.0,0.016569865298921318,0.6061371312607571
2024-05-21 22:40:05,0.0002110316956617,0.0090429246050075,15.0,7.0,11.0,12.0,60.0,0.0006931471805599453,0.6558871318464983
2024-05-22 00:40:28,0.0002110316956617,0.0090429246050075,5.0,2.0,2.0,1.0,7.0,0.0271291516902875,0.007536582587885124
2024-05-22 02:40:51,0.0002110316956617,0.0090429246050075,5.0,0.0,0.0,1.0,7.0,0.013023884815986656,0.006475647535399679
2024-05-22 04:41:15,0.0002110316956617,0.0090429246050075,10.0,7.0,6.0,6.0,48.0,0.164612654615886,0.2863224578774881
2024-05-22 06:41:40,0.0002110316956617,0.0090429246050075,15.0,0.0,1.0,3.0,24.0,0.06590972516729476,0.21483282025319306
2024-05-22 08:42:04,0.0002110316956617,0.0090429246050075,15.0,3.0,0.0,4.0,23.0,0.08171788886085843,0.25725544154177693
2024-05-22 10:42:27,0.0002110316956617,0.0090429246050075,10.0,3.0,3.0,5.0,26.0,0.07954387948185901,0.10165470976898461
2024-05-22 12:42:51,0.0002110316956617,0.0090429246050075,15.0,6.0,4.0,3.0,41.0,0.09565271988550442,0.3361127127778253
2024-05-22 14:43:15,0.0002110316956617,0.0090429246050075,10.0,5.0,5.0,4.0,41.0,0.08618949887976451,0.2385679916687213
2024-05-22 16:43:40,0.0002110316956617,0.0090429246050075,15.0,2.0,3.0,0.0,17.0,0.08860031448501501,0.10147759729003822
2024-05-22 18:44:03,0.0002110316956617,0.0090429246050075,10.0,1.0,2.0,4.0,33.0,0.12046237749995972,0.13053854767024275
2024-05-22 20:44:27,0.0002110316956617,0.0090429246050075,10.0,6.0,4.0,8.0,26.0,0.1800793518747111,0.22278179616398414
2024-05-22 22:44:51,0.0002179412677944,0.0093059469904804,10.0,6.0,4.0,9.0,44.0,0.12241050142040275,0.2582445196658626
2024-05-23 00:45:15,0.0002179412677944,0.0093059469904804,5.0,0.0,4.0,3.0,12.0,0.043527547425699226,0.010593642003503377
2024-05-23 02:45:38,0.0002179412677944,0.0093059469904804,10.0,2.0,2.0,1.0,11.0,0.04687904090394435,0.03770190421290532
2024-05-23 04:46:01,0.0002179412677944,0.0093059469904804,15.0,12.0,2.0,4.0,41.0,0.08659691190718254,0.3735737252544242
2024-05-23 06:46:23,0.0002179412677944,0.0093059469904804,5.0,3.0,4.0,4.0,25.0,0.03309986840129393,0.008098881935618942
2024-05-23 08:46:48,0.0002179412677944,0.0093059469904804,15.0,3.0,5.0,3.0,19.0,0.08056445432632453,0.11689315609588743
2024-05-23 10:47:09,0.0002179412677944,0.0093059469904804,15.0,2.0,2.0,2.0,18.0,0.03530412892577206,0.09748869062058371
2024-05-23 12:47:31,0.0002179412677944,0.0093059469904804,10.0,4.0,1.0,2.0,12.0,0.04820180584691121,0.03720726638870183
2024-05-23 14:47:54,0.0002179412677944,0.0093059469904804,15.0,1.0,2.0,3.0,21.0,0.061618910574979466,0.1554705660974654
2024-05-23 16:48:18,0.0002179412677944,0.0093059469904804,15.0,7.0,5.0,5.0,41.0,0.09509862338289735,0.3435362821964295
2024-05-23 18:48:40,0.0002179412677944,0.0093059469904804,10.0,5.0,4.0,7.0,26.0,0.11525380124777067,0.09918849037535205
2024-05-23 20:49:04,0.0002179412677944,0.0093059469904804,15.0,2.0,4.0,1.0,16.0,0.047341984968648415,0.07749402803296915
2024-05-23 22:49:25,0.0002179412677944,0.0093059469904804,15.0,1.0,4.0,5.0,16.0,0.04913963595339106,0.16285429766131515
2024-05-24 00:49:46,0.0002179412677944,0.0093059469904804,5.0,2.0,3.0,2.0,16.0,0.04281066865967064,0.010880746689238498
2024-05-24 02:50:08,0.0002179412677944,0.0093059469904804,10.0,5.0,3.0,7.0,28.0,0.06844244398344089,0.12040434658289606
2024-05-24 04:50:30,0.0002179412677944,0.0093059469904804,5.0,6.0,4.0,4.0,20.0,0.03592061395123747,0.012151217577275632
2024-05-24 06:50:54,0.0002179412677944,0.0093059469904804,15.0,2.0,0.0,5.0,19.0,0.07470821443196142,0.22119517120861845
2024-05-24 08:51:16,0.0002179412677944,0.0093059469904804,15.0,4.0,6.0,5.0,43.0,0.049985023958171323,0.4774480954283026
2024-05-24 10:51:38,0.0002144585925115,0.0093059469904804,5.0,1.0,0.0,0.0,6.0,0.017873186961821726,0.00477150344727815
2024-05-24 12:52:02,0.0002144585925115,0.0093059469904804,10.0,4.0,4.0,5.0,27.0,0.09751737901813093,0.147841562581491
2024-05-24 14:52:25,0.0002144585925115,0.0093059469904804,10.0,3.0,3.0,3.0,31.0,0.14991269700379556,0.12705855649172348
2024-05-24 16:52:45,0.0002144585925115,0.0093059469904804,10.0,7.0,2.0,10.0,46.0,0.16923860629920348,0.24888454308264019
2024-05-24 18:53:08,0.0002144585925115,0.0093059469904804,15.0,10.0,6.0,11.0,68.0,0.003988984046564274,0.6589649079078082
2024-05-24 20:53:31,0.0002144585925115,0.0093059469904804,15.0,5.0,4.0,3.0,41.0,0.08149905926139654,0.35127349859584645
2024-05-24 22:53:53,0.0002144585925115,0.0093059469904804,5.0,3.0,5.0,2.0,11.0,0.028370775747344347,0.007030056468908574
2024-05-25 00:54:15,0.0002144585925115,0.0093059469904804,5.0,1.0,1.0,0.0,6.0,0.0019713524667698485,0.004336837787074408
2024-05-25 02:54:36,0.0002144585925115,0.0093059469904804,10.0,10.0,2.0,0.0,31.0,0.045926630236564105,0.0837872206279689
2024-05-25 04:54:59,0.0002144585925115,0.0091428516980973,5.0,8.0,6.0,4.0,18.0,0.043135921492676345,0.009812983822425861
2024-05-25 06:55:22,0.0002161769389329,0.0091428516980973,10.0,3.0,1.0,4.0,14.0,0.0651253922317515,0.0779952328224032
2024-05-25 08:55:45,0.0002161769389329,0.0091428516980973,15.0,12.0,8.0,10.0,66.0,0.014112060715890027,0.6189772776042186
2024-05-25 10:56:07,0.0002161769389329,0.0091428516980973,15.0,5.0,4.0,4.0,67.0,0.060861094893900486,0.5788290249145871
2024-05-25 12:56:29,0.0002161769389329,0.0091428516980973,5.0,2.0,0.0,2.0,23.0,0.037438666498778216,0.00903453504087182
2024-05-25 14:56:53,0.0002161769389329,0.0091428516980973,15.0,1.0,3.0,1.0,20.0,0.06082480524610418,0.10151465649292547
2024-05-25 16:57:17,0.0002161769389329,0.0091428516980973,5.0,3.0,0.0,1.0,16.0,0.032140112739688996,0.009821746487818098
2024-05-25 18:57:40,0.0002161769389329,0.0088977441418841,15.0,12.0,10.0,8.0,61.0,0.009704060527839235,0.6313382543882626
2024-05-25 20:58:04,0.0002161769389329,0.0088977441418841,5.0,1.0,2.0,2.0,13.0,0.03062778639878049,0.007948347949991646
2024-05-25 22:58:28,0.0002161769389329,0.0088977441418841,15.0,8.0,6.0,1.0,42.0,0.08265714340272795,0.3048319864621635
2024-05-26 00:58:51,0.0002161769389329,0.0088977441418841,15.0,1.0,2.0,4.0,17.0,0.08997903619958075,0.1638341380185359
2024-05-26 02:59:16,0.0002161769389329,0.0088977441418841,5.0,3.0,3.0,0.0,20.0,0.025288113390113054,0.0065150767465639615
2024-05-26 04:59:40,0.0002161769389329,0.0088977441418841,5.0,1.0,1.0,2.0,14.0,0.016103082992744197,0.011366499325281247
2024-05-26 07:00:05,0.0002161769389329,0.0088977441418841,5.0,4.0,2.0,2.0,11.0,0.015190791283133994,0.008745109515757053
2024-05-26 09:00:28,0.0002161769389329,0.0088977441418841,15.0,2.0,5.0,7.0,40.0,0.06467434230155557,0.48062049564540765
2024-05-26 11:00:52,0.0002240760939423,0.009294407757006,10.0,2.0,1.0,1.0,12.0,0.03299071943306846,0.027749368850200434
2024-05-26 13:01:16,0.0002240760939423,0.009294407757006,10.0,3.0,6.0,1.0,31.0,0.07008264770035454,0.10187561394337045
2024-05-26 15:01:40,0.0002240760939423,0.009294407757006,10.0,4.0,6.0,9.0,47.0,0.17807979411762243,0.22745323423128844
2024-05-26 17:02:05,0.0002240760939423,0.009294407757006,10.0,4.0,3.0,2.0,11.0,0.048565733827940855,0.03598994519386076
2024-05-26 19:02:29,0.0002240760939423,0.009294407757006,15.0,11.0,11.0,7.0,35.0,0.08182078003155988,0.29911750422809774
2024-05-26 21:02:53,0.0002240760939423,0.009294407757006,10.0,1.0,7.0,3.0,27.0,0.10030405642415963,0.12395086284615327
2024-05-26 23:03:17,0.0002240760939423,0.009294407757006,10.0,4.0,4.0,2.0,34.0,0.1331681063713641,0.13323297665984885
2024-05-27 01:03:41,0.0002240760939423,0.009294407757006,10.0,2.0,6.0,5.0,27.0,0.06979097690262888,0.12340381464107987
2024-05-27 03:04:05,0.0002240760939423,0.009294407757006,10.0,2.0,1.0,1.0,6.0,0.014405150085220857,0.015133146712979634
2024-05-27 05:04:30,0.0002240760939423,0.009294407757006,15.0,12.0,4.0,12.0,64.0,0.0006931471805599453,0.6628186036520975
2024-05-27 07:04:54,0.0002240760939423,0.009294407757006,5.0,1.0,6.0,2.0,11.0,0.022191112350811025,0.006936948615413298
2024-05-27 09:05:19,0.0002240760939423,0.009294407757006,10.0,4.0,9.0,10.0,44.0,0.17076634513297714,0.258071997590402
2024-05-27 11:05:44,0.0002240760939423,0.009294407757006,15.0,0.0,5.0,7.0,40.0,0.08135816979463957,0.40309717934600753
2024-05-27 13:06:08,0.0002240760939423,0.009294407757006,15.0,6.0,5.0,4.0,43.0,0.04104477534052228,0.4005129073507127
2024-05-27 15:06:33,0.0002240760939423,0.009294407757006,5.0,0.0,2.0,3.0,13.0,0.026414954485645625,0.006648775051971008
2024-05-27 17:06:57,0.0002240760939423,0.009294407757006,5.0,4.0,4.0,2.0,13.0,0.030293239321510394,0.009053384859916323
2024-05-27 19:07:25,0.0002207828227662,0.009294407757006,15.0,7.0,1.0,5.0,17.0,0.0742765099763139,0.14674011065652193
2024-05-27 21:07:49,0.0002207828227662,0.0099865650710368,10.0,4.0,3.0,5.0,30.0,0.07947907659680234,0.1828259752364747
2024-05-27 23:08:14,0.0002207828227662,0.0099865650710368,5.0,3.0,1.0,1.0,14.0,0.012893693216961304,0.004822670107581037
2024-05-28 01:08:37,0.0002207828227662,0.0099865650710368,15.0,8.0,12.0,10.0,68.0,0.013693044574403509,0.63384921903862
2024-05-28 03:09:01,0.0002207828227662,0.0099865650710368,5.0,3.0,0.0,3.0,14.0,0.030013569421758014,0.007783175050358267
2024-05-28 05:09:25,0.0002207828227662,0.0099865650710368,15.0,6.0,5.0,5.0,35.0,0.06642358065319758,0.35215591018917125
2024-05-28 07:09:49,0.0002207828227662,0.0099865650710368,15.0,9.0,11.0,10.0,62.0,0.002079441541679836,0.6485105858988434
2024-05-28 09:10:13,0.0002201916006497,0.0099865650710368,5.0,2.0,0.0,0.0,5.0,0.005376852244988873,0.005359537072306957
2024-05-28 11:10:37,0.0002198156966548,0.0098470328390016,15.0,3.0,3.0,0.0,20.0,0.05846300843550611,0.0974338948485478
2024-05-28 13:11:04,0.0002198156966548,0.0098470328390016,5.0,4.0,5.0,3.0,19.0,0.020957304671742453,0.00536639491552512
2024-05-28 15:11:28,0.0002198156966548,0.0098470328390016,10.0,2.0,6.0,1.0,31.0,0.08025586224807232,0.1122515764331481
2024-05-28 17:11:51,0.0002198156966548,0.0098470328390016,5.0,4.0,0.0,1.0,21.0,0.04839168408445414,0.011686820505692044
2024-05-28 19:12:15,0.0002198156966548,0.0098470328390016,10.0,4.0,3.0,10.0,28.0,0.12031831211002621,0.18791450111612235
2024-05-28 21:12:39,0.0002198156966548,0.0098470328390016,5.0,1.0,1.0,3.0,6.0,0.035081103939592045,0.00933037434997384
2024-05-29 17:28:55,0.0002198156966548,0.0098470328390016,15.0,4.0,3.0,3.0,15.0,0.1097012977711487,0.11585430178255257
2024-05-29 19:29:19,0.0002198156966548,0.0098470328390016,15.0,8.0,6.0,3.0,41.0,0.062001908764092284,0.35912004292624156
2024-05-29 21:29:42,0.0002198156966548,0.0098470328390016,15.0,4.0,2.0,5.0,40.0,0.05957186826635519,0.4284320293324506
2024-05-29 23:30:06,0.0002198156966548,0.0098470328390016,10.0,2.0,1.0,3.0,6.0,0.02567150754495781,0.02202675501924521
2024-05-30 01:30:28,0.0002198156966548,0.0098470328390016,5.0,5.0,2.0,2.0,19.0,0.029274949509161964,0.00764780373265577
2024-05-30 03:30:51,0.0002198156966548,0.0098470328390016,15.0,6.0,4.0,3.0,38.0,0.07395119606662216,0.3433840310685829
2024-05-30 05:31:13,0.0002198156966548,0.0098470328390016,10.0,3.0,6.0,3.0,46.0,0.05843078135477831,0.18549249037191173
2024-05-30 07:31:36,0.0002198156966548,0.0098470328390016,5.0,4.0,1.0,1.0,14.0,0.024682055107610387,0.006840976915863572
2024-05-30 09:31:59,0.0002198156966548,0.0098470328390016,5.0,0.0,0.0,2.0,8.0,0.02482090368524166,0.005752665635956193
2024-05-30 11:32:21,0.0002198156966548,0.0098470328390016,10.0,5.0,3.0,3.0,25.0,0.11147762795721183,0.1195726122081763
2024-05-30 13:32:44,0.0002198156966548,0.0098470328390016,10.0,2.0,1.0,1.0,13.0,0.03399748351005371,0.03662257204677265
2024-05-30 15:33:04,0.0002198156966548,0.0098470328390016,5.0,3.0,2.0,0.0,14.0,0.01920250437794558,0.010165990280604446
2024-05-30 17:33:25,0.0002198156966548,0.0098470328390016,5.0,2.0,5.0,0.0,6.0,0.017744526384469675,0.007030857333437772
2024-05-30 19:33:48,0.0002198156966548,0.0098470328390016,5.0,0.0,0.0,0.0,8.0,0.014271197419263217,0.005016000970044733
2024-05-30 21:34:11,0.0002198156966548,0.0098470328390016,5.0,3.0,3.0,3.0,19.0,0.03308225006589814,0.007890418294795382
2024-05-30 23:34:33,0.0002198156966548,0.0098470328390016,15.0,8.0,13.0,7.0,68.0,0.020807966450176713,0.608996598106217
2024-05-31 01:34:55,0.0002198156966548,0.0098470328390016,5.0,0.0,1.0,0.0,6.0,0.011701949844679588,0.005359004596346114
2024-05-31 03:35:18,0.0002198156966548,0.0098470328390016,10.0,2.0,6.0,1.0,11.0,0.01688546258927994,0.032510630278449526
2024-05-31 05:35:41,0.0002198156966548,0.0098470328390016,15.0,15.0,6.0,7.0,67.0,0.010479980210819487,0.6473513048750847
2024-05-31 07:36:04,0.0002198156966548,0.0098470328390016,10.0,2.0,2.0,2.0,33.0,0.09753626269552652,0.13512970222561457
2024-05-31 09:36:27,0.0002198156966548,0.0098470328390016,5.0,0.0,1.0,1.0,7.0,0.019917907701813252,0.008530391155274843
2024-05-31 11:36:49,0.0002198156966548,0.0098470328390016,15.0,9.0,11.0,11.0,40.0,0.02508463256919276,0.5462629129159078
2024-05-31 13:37:12,0.0002198156966548,1.0,5.0,4.0,3.0,0.0,21.0,0.01721464726514363,0.007452930503338668
2024-05-31 15:37:35,0.0002142187449239,0.0100878999416344,15.0,6.0,6.0,1.0,46.0,0.11083915910497633,0.3513406418115008
2024-05-31 17:37:57,0.0002142187449239,0.0100878999416344,5.0,2.0,1.0,4.0,20.0,0.027397797757158383,0.0070420065223622584
2024-05-31 19:38:21,0.0002142187449239,0.0100878999416344,10.0,4.0,6.0,6.0,51.0,0.10358379188093429,0.2543023547419996
2024-05-31 21:38:43,0.0002142187449239,0.0100878999416344,10.0,3.0,2.0,2.0,12.0,0.04563210191147404,0.04121315490277111
2024-05-31 23:39:07,0.0002142187449239,0.0100878999416344,5.0,1.0,2.0,0.0,6.0,0.008547923095257455,0.0047565187498396
2024-06-01 01:39:30,0.0002142187449239,0.0100878999416344,10.0,0.0,4.0,1.0,12.0,0.05532722221573696,0.02921715725525164
2024-06-01 03:39:53,0.0002142187449239,0.0100878999416344,10.0,2.0,2.0,6.0,11.0,0.051787701501779,0.0588618671012875
2024-06-01 05:40:18,0.0002142187449239,0.0100878999416344,10.0,1.0,3.0,3.0,11.0,0.03168648984650651,0.03692923582421539
2024-06-01 07:40:42,0.0002142187449239,0.0100878999416344,15.0,4.0,1.0,2.0,19.0,0.051466513296253825,0.13673602299441454
2024-06-01 09:41:04,0.000216799145815,0.0100878999416344,15.0,3.0,5.0,2.0,39.0,0.05510396556641281,0.2740195484275433
2024-06-01 11:41:27,0.0002198515399152,0.0096235683676821,10.0,11.0,6.0,8.0,26.0,0.3067958123709903,0.19820862394328587
2024-06-01 13:41:50,0.0002198515399152,0.0096235683676821,15.0,0.0,4.0,3.0,16.0,0.11713966242839254,0.15165003255921594
2024-06-01 15:42:11,0.0002198515399152,0.0096235683676821,10.0,2.0,6.0,2.0,29.0,0.0617225198214676,0.10535088342276502
2024-06-01 17:42:31,0.0002198515399152,0.0096235683676821,15.0,5.0,5.0,2.0,45.0,0.08137089456389424,0.3858740925237105
2024-06-01 19:42:53,0.0002198515399152,0.0096235683676821,5.0,1.0,1.0,1.0,5.0,0.02052082107909647,0.007405487521663491
2024-06-01 21:43:12,0.0002198515399152,0.0096235683676821,5.0,3.0,4.0,2.0,23.0,0.03563404278049525,0.009195970124276958
2024-06-01 23:43:33,0.0002198515399152,0.0096235683676821,5.0,2.0,0.0,0.0,7.0,0.012762036111651694,0.005501647666639679
2024-06-02 01:43:55,0.0002198515399152,0.0096235683676821,15.0,5.0,5.0,7.0,46.0,0.06558929436156771,0.3840081801657579
2024-06-02 03:44:19,0.0002198515399152,0.0096235683676821,15.0,5.0,7.0,12.0,62.0,0.0,0.6514666246912566
2024-06-02 05:44:41,0.0002198515399152,0.0096235683676821,5.0,3.0,2.0,2.0,11.0,0.03537773412230948,0.009889474967698235
2024-06-02 07:45:04,0.0002198515399152,0.0096235683676821,15.0,5.0,6.0,4.0,16.0,0.07504778583296512,0.1538843989786994
2024-06-02 09:45:27,0.0002463939192769,0.0096235683676821,15.0,4.0,9.0,8.0,56.0,0.01272932078929472,0.6024395351087293
2024-06-02 11:45:49,0.0002463939192769,0.0105634953665087,5.0,0.0,3.0,2.0,15.0,0.02651042816968095,0.007216500106331909
2024-06-02 13:46:12,0.0002463939192769,0.0105634953665087,10.0,5.0,11.0,5.0,42.0,0.10720910749567102,0.17611160958007332
2024-06-02 15:46:33,0.0002463939192769,0.0105634953665087,5.0,1.0,0.0,2.0,16.0,0.032696105428192464,0.007728584205993691
2024-06-02 17:46:52,0.0002463939192769,0.0105634953665087,5.0,5.0,1.0,1.0,16.0,0.019110030062871868,0.007738783220293488
2024-06-02 19:47:14,0.0002463939192769,0.0105634953665087,10.0,3.0,0.0,0.0,11.0,0.027301353377421934,0.028874891475009636
2024-06-02 21:47:35,0.0002463939192769,0.0105634953665087,10.0,5.0,10.0,10.0,39.0,0.10703799044558233,0.2810188560849012
2024-06-02 23:47:57,0.0002463939192769,0.0105634953665087,10.0,9.0,5.0,8.0,44.0,0.11858049949388941,0.24003927806482195
2024-06-03 01:48:18,0.0002463939192769,0.0105634953665087,15.0,4.0,1.0,3.0,18.0,0.0580815895239756,0.15663442077316908
2024-06-03 03:48:39,0.0002463939192769,0.0105634953665087,10.0,1.0,1.0,1.0,16.0,0.040772605321030414,0.03980022974800266
2024-06-03 05:49:01,0.0002463939192769,0.0105634953665087,10.0,1.0,3.0,6.0,29.0,0.10414075687761061,0.19856328830863013
2024-06-03 07:49:21,0.0002463939192769,0.0105634953665087,10.0,10.0,11.0,9.0,41.0,0.1645388788467263,0.29019429139569886
2024-06-03 09:49:45,0.0002463939192769,0.0105634953665087,15.0,2.0,4.0,0.0,18.0,0.03023890520893401,0.05246862229569621
2024-06-03 11:50:09,0.0002463939192769,0.0105634953665087,15.0,8.0,3.0,6.0,39.0,0.05559420043234982,0.4079097851466502
2024-06-03 13:50:30,0.0002463939192769,0.0105634953665087,15.0,5.0,7.0,8.0,49.0,0.0769712629904344,0.49480485422920273
2024-06-03 15:50:51,0.0002463939192769,0.0105634953665087,15.0,4.0,1.0,3.0,16.0,0.06459083462576339,0.1775964477041364
2024-06-03 17:51:15,0.0002463939192769,0.0105634953665087,15.0,6.0,7.0,4.0,38.0,0.08627418594904722,0.3672747000365987
2024-06-03 19:51:39,0.0002463939192769,0.0105634953665087,15.0,4.0,9.0,6.0,68.0,0.029770318230841582,0.6083550157405205
2024-06-03 21:52:02,0.0002463939192769,0.0105634953665087,15.0,5.0,6.0,7.0,38.0,0.11202704003979302,0.3690655418278732
2024-06-03 23:52:26,0.0002463939192769,0.0105634953665087,15.0,7.0,9.0,13.0,61.0,0.005545177444479563,0.640022920695329
2024-06-04 01:52:49,0.0002463939192769,0.0105634953665087,10.0,8.0,3.0,6.0,43.0,0.12079454896459102,0.24059826329209777
2024-06-04 03:53:13,0.0002463939192769,0.0105634953665087,5.0,1.0,1.0,1.0,6.0,0.018975984560790346,0.0059283906253145115
2024-06-04 05:53:36,0.000214894559986,0.0105634953665087,5.0,3.0,3.0,1.0,25.0,0.0340104830953056,0.008717798311866483
2024-06-04 07:53:59,0.000214894559986,0.0105634953665087,15.0,9.0,11.0,7.0,71.0,0.0184408428360451,0.6201351147630745
2024-06-04 09:54:23,0.000214894559986,0.0105634953665087,5.0,4.0,2.0,1.0,23.0,0.015576495080108832,0.0073646526135813985
2024-06-04 11:54:46,0.000214894559986,0.0105634953665087,15.0,10.0,9.0,13.0,58.0,0.0006931471805599453,0.630057236095608
2024-06-04 13:55:09,0.000214894559986,0.0105634953665087,5.0,0.0,1.0,0.0,6.0,0.008906883481117457,0.004819451068214237
2024-06-04 15:55:34,0.000214894559986,0.0105634953665087,10.0,4.0,7.0,11.0,46.0,0.14147636491900548,0.2547654587035918
2024-06-04 17:55:57,0.000214894559986,0.0105634953665087,10.0,0.0,3.0,1.0,14.0,0.04598833279248198,0.03642340403697582
2024-06-04 19:56:19,0.0002140595581647,0.0094958093661214,15.0,6.0,7.0,3.0,42.0,0.05526321663051331,0.33630331789236456
2024-06-04 21:56:41,0.0002140595581647,0.0094958093661214,10.0,5.0,2.0,8.0,27.0,0.10878036272915963,0.1258022730614351
2024-06-04 23:57:02,0.0002140595581647,0.0094958093661214,10.0,6.0,5.0,6.0,51.0,0.10976911261526025,0.2653655129424496
2024-06-05 01:57:25,0.0002140595581647,0.0094958093661214,15.0,8.0,2.0,5.0,33.0,0.03127558014196194,0.3389489530488047
2024-06-05 03:57:49,0.0002140595581647,0.0094958093661214,5.0,5.0,2.0,4.0,21.0,0.04347752198503393,0.010503013129186167
2024-06-05 05:58:12,0.0002140595581647,0.0094958093661214,10.0,4.0,3.0,4.0,31.0,0.10409238039570518,0.1577808529966202
2024-06-05 07:58:35,0.0002140595581647,0.0094958093661214,15.0,5.0,2.0,8.0,38.0,0.07449696598910537,0.4258288770917794
2024-06-05 09:58:57,0.0002140595581647,0.0094958093661214,15.0,4.0,9.0,9.0,68.0,0.008147867129923946,0.6545790114870869
2024-06-05 11:59:21,0.0002140595581647,0.0094958093661214,5.0,1.0,1.0,1.0,7.0,0.018069435651197195,0.005636227064862791
2024-06-05 13:59:43,0.0002246840422264,0.0094958093661214,5.0,0.0,1.0,0.0,8.0,0.0102129276191883,0.006069225582224878
2024-06-05 16:00:06,0.0002246840422264,0.0094958093661214,5.0,1.0,0.0,0.0,9.0,0.014610120703396835,0.005757806685536407
2024-06-05 18:00:30,0.0002246840422264,0.0094958093661214,15.0,5.0,9.0,2.0,38.0,0.06985602515748089,0.3651381820141225
2024-06-05 20:00:53,0.0002246840422264,0.0094609420791446,15.0,3.0,1.0,0.0,17.0,0.058330273164176424,0.09612359545574906
2024-06-05 22:01:16,0.0002246840422264,0.009674909620915,15.0,4.0,3.0,2.0,19.0,0.059947618551488446,0.13249122656630594
2024-06-06 00:01:38,0.0002246840422264,0.009674909620915,15.0,3.0,2.0,2.0,20.0,0.0976419279966093,0.13989619105910608
2024-06-06 02:02:01,0.0002246840422264,0.009674909620915,10.0,2.0,1.0,7.0,31.0,0.16216523183781587,0.20984579193573094
2024-06-06 04:02:24,0.0002246840422264,0.009674909620915,5.0,4.0,1.0,3.0,21.0,0.05734970352946242,0.013400540003738765
2024-06-06 06:02:47,0.0002246840422264,0.009674909620915,5.0,4.0,2.0,4.0,23.0,0.04797975182700375,0.0104963629501695
2024-06-06 08:03:10,0.0002246840422264,0.009674909620915,10.0,11.0,4.0,10.0,26.0,0.16389847987348713,0.1567287034021756
2024-05-21 20:39:43,0.0002110316956617,0.0090429246050075,10.0,2.0,6.0,3.0,29.0,0.08852432633301081,0.1159280126899313
2024-05-21 22:40:05,0.0002110316956617,0.0090429246050075,15.0,3.0,3.0,0.0,12.0,0.0250051755168608,0.03495714537677898
2024-05-22 00:40:28,0.0002110316956617,0.0090429246050075,15.0,4.0,2.0,1.0,19.0,0.08044290681392696,0.09349785383447523
2024-05-22 02:40:51,0.0002110316956617,0.0090429246050075,10.0,5.0,1.0,5.0,48.0,0.10047615917925579,0.23457987396917188
2024-05-22 04:41:15,0.0002110316956617,0.0090429246050075,15.0,2.0,4.0,3.0,16.0,0.07413149128427111,0.1211950690353609
2024-05-22 06:41:40,0.0002110316956617,0.0090429246050075,5.0,2.0,3.0,1.0,12.0,0.00915722463171928,0.004166836150334568
2024-05-22 08:42:04,0.0002110316956617,0.0090429246050075,5.0,2.0,3.0,3.0,23.0,0.02071548043588451,0.005188148121896548
2024-05-22 10:42:27,0.0002110316956617,0.0090429246050075,10.0,4.0,4.0,5.0,33.0,0.09100904840782914,0.1757389340620243
2024-05-22 12:42:51,0.0002110316956617,0.0090429246050075,5.0,1.0,2.0,1.0,13.0,0.027947913925446433,0.010780095554251731
2024-05-22 14:43:15,0.0002110316956617,0.0090429246050075,5.0,0.0,1.0,0.0,6.0,0.015654702591941027,0.004147394901888406
2024-05-22 16:43:40,0.0002110316956617,0.0090429246050075,5.0,3.0,5.0,7.0,19.0,0.050354895995821436,0.012091709115980533
2024-05-22 18:44:03,0.0002110316956617,0.0090429246050075,15.0,7.0,5.0,2.0,46.0,0.046216263461770005,0.39124902135327105
2024-05-22 20:44:27,0.0002110316956617,0.0090429246050075,10.0,2.0,3.0,4.0,9.0,0.05690719600920845,0.04414996496092771
2024-05-22 22:44:51,0.0002179412677944,0.0093059469904804,15.0,6.0,8.0,10.0,66.0,0.02636669492803464,0.5901465843399799
2024-05-23 00:45:15,0.0002179412677944,0.0093059469904804,5.0,3.0,1.0,6.0,11.0,0.026522544363043018,0.006585968304117005
2024-05-23 02:45:38,0.0002179412677944,0.0093059469904804,5.0,0.0,3.0,3.0,15.0,0.026231465907367652,0.006594398232040254
2024-05-23 04:46:01,0.0002179412677944,0.0093059469904804,5.0,4.0,4.0,2.0,21.0,0.051780792060043865,0.013981405250590972
2024-05-23 06:46:23,0.0002179412677944,0.0093059469904804,10.0,6.0,5.0,0.0,31.0,0.08945608866244044,0.08811552197886069
2024-05-23 08:46:48,0.0002179412677944,0.0093059469904804,5.0,0.0,0.0,1.0,6.0,0.02677095201487372,0.009254972896702858
2024-05-23 10:47:09,0.0002179412677944,0.0093059469904804,10.0,0.0,3.0,1.0,12.0,0.05700452010280661,0.029161105941174367
2024-05-23 12:47:31,0.0002179412677944,0.0093059469904804,5.0,5.0,1.0,1.0,14.0,0.024180282028393157,0.00637770554476216
2024-05-23 14:47:54,0.0002179412677944,0.0093059469904804,15.0,2.0,4.0,0.0,14.0,0.021450303882119225,0.057917327851127826
2024-05-23 16:48:18,0.0002179412677944,0.0093059469904804,5.0,1.0,1.0,3.0,13.0,0.02551103420715456,0.00897762648476435
2024-05-23 18:48:40,0.0002179412677944,0.0093059469904804,10.0,10.0,5.0,5.0,42.0,0.1134362758605444,0.20015713189924067
2024-05-23 20:49:04,0.0002179412677944,0.0093059469904804,15.0,6.0,4.0,1.0,41.0,0.12058506914491726,0.29330805016985806
2024-05-23 22:49:25,0.0002179412677944,0.0093059469904804,10.0,2.0,1.0,3.0,11.0,0.04986507933389463,0.05218618374070651
2024-05-24 00:49:46,0.0002179412677944,0.0093059469904804,10.0,0.0,9.0,2.0,10.0,0.02365697914075949,0.030082379887910893
2024-05-24 02:50:08,0.0002179412677944,0.0093059469904804,15.0,6.0,3.0,4.0,38.0,0.03215552223604414,0.3480031658858459
2024-05-24 04:50:30,0.0002179412677944,0.0093059469904804,5.0,2.0,2.0,2.0,14.0,0.0274364253959209,0.011461100903801532
2024-05-24 06:50:54,0.0002179412677944,0.0093059469904804,15.0,4.0,7.0,4.0,69.0,0.025336928143748043,0.5617977223910557
2024-05-24 08:51:16,0.0002179412677944,0.0093059469904804,15.0,3.0,6.0,11.0,39.0,-0.003178053830347946,0.6209545977132426
2024-05-24 10:51:38,0.0002144585925115,0.0093059469904804,15.0,7.0,4.0,8.0,35.0,0.05744166353095558,0.48851532840079726
2024-05-24 12:52:02,0.0002144585925115,0.0093059469904804,10.0,4.0,5.0,4.0,30.0,0.1279921109551628,0.1597030269099177
2024-05-24 14:52:25,0.0002144585925115,0.0093059469904804,10.0,1.0,1.0,3.0,13.0,0.07513919264482595,0.05692533275199003
2024-05-24 16:52:45,0.0002144585925115,0.0093059469904804,5.0,4.0,5.0,2.0,23.0,0.03143118545053882,0.012104521778382088
2024-05-24 18:53:08,0.0002144585925115,0.0093059469904804,10.0,6.0,4.0,5.0,51.0,0.13222842980323446,0.235609634602108
2024-05-24 20:53:31,0.0002144585925115,0.0093059469904804,10.0,1.0,1.0,1.0,11.0,0.035608547450556347,0.031296480071194614
2024-05-24 22:53:53,0.0002144585925115,0.0093059469904804,10.0,8.0,1.0,4.0,28.0,0.12482684255156916,0.13282509817400523
2024-05-25 00:54:15,0.0002144585925115,0.0093059469904804,5.0,3.0,3.0,1.0,12.0,0.017816155871036937,0.005686768454678165
2024-05-25 02:54:36,0.0002144585925115,0.0093059469904804,15.0,4.0,7.0,7.0,43.0,0.03784182888184485,0.526900223298755
2024-05-25 04:54:59,0.0002144585925115,0.0091428516980973,5.0,3.0,3.0,2.0,21.0,0.02266678005401684,0.005559027411054946
2024-05-25 06:55:22,0.0002161769389329,0.0091428516980973,5.0,0.0,1.0,2.0,6.0,0.020483461478220843,0.00904648409301153
2024-05-25 08:55:45,0.0002161769389329,0.0091428516980973,10.0,5.0,4.0,3.0,31.0,0.09403022338484354,0.11117622488341188
2024-05-25 10:56:07,0.0002161769389329,0.0091428516980973,15.0,6.0,3.0,5.0,41.0,0.08853268149788852,0.41124823065132804
2024-05-25 12:56:29,0.0002161769389329,0.0091428516980973,10.0,5.0,10.0,4.0,42.0,0.11331046729816795,0.1589201271501614
2024-05-25 14:56:53,0.0002161769389329,0.0091428516980973,15.0,8.0,13.0,10.0,64.0,0.005493061443340549,0.6297128395213056
2024-05-25 16:57:17,0.0002161769389329,0.0091428516980973,15.0,2.0,6.0,4.0,46.0,0.026585191569916913,0.46051712572175985
2024-05-25 18:57:40,0.0002161769389329,0.0088977441418841,10.0,1.0,2.0,4.0,12.0,0.06277266277253706,0.06810559916466383
2024-05-25 20:58:04,0.0002161769389329,0.0088977441418841,15.0,10.0,11.0,9.0,58.0,0.021090965574724115,0.5606897577710059
2024-05-25 22:58:28,0.0002161769389329,0.0088977441418841,5.0,4.0,4.0,0.0,9.0,0.01904076990146742,0.005555641784772669
2024-05-26 00:58:51,0.0002161769389329,0.0088977441418841,15.0,2.0,4.0,3.0,17.0,0.052130824392945946,0.11975824122457115
2024-05-26 02:59:16,0.0002161769389329,0.0088977441418841,5.0,2.0,2.0,4.0,25.0,0.023233258375579886,0.005788890517199156
2024-05-26 04:59:40,0.0002161769389329,0.0088977441418841,5.0,5.0,6.0,4.0,18.0,0.028596307185864492,0.006945908571939625
2024-05-26 07:00:05,0.0002161769389329,0.0088977441418841,15.0,1.0,2.0,1.0,10.0,0.029804241474972827,0.050468429962951304
2024-05-26 09:00:28,0.0002161769389329,0.0088977441418841,5.0,0.0,2.0,0.0,21.0,0.027496120323220116,0.009717174705657482
2024-05-26 11:00:52,0.0002240760939423,0.009294407757006,15.0,12.0,7.0,13.0,64.0,-0.0006931471805599453,0.6665459636267791
2024-05-26 13:01:16,0.0002240760939423,0.009294407757006,5.0,7.0,0.0,0.0,15.0,0.029583109649424517,0.010048771568354323
2024-05-26 15:01:40,0.0002240760939423,0.009294407757006,15.0,4.0,4.0,3.0,14.0,0.03841701443945987,0.05199609200374457
2024-05-26 17:02:05,0.0002240760939423,0.009294407757006,5.0,2.0,4.0,4.0,20.0,0.02843484283656668,0.007078888374056664
2024-05-26 19:02:29,0.0002240760939423,0.009294407757006,10.0,6.0,5.0,6.0,26.0,0.09793040998444939,0.1800006079143306
2024-05-26 21:02:53,0.0002240760939423,0.009294407757006,15.0,8.0,10.0,12.0,64.0,0.010579529265193136,0.6072494459703632
2024-05-26 23:03:17,0.0002240760939423,0.009294407757006,10.0,4.0,5.0,8.0,47.0,0.17992302032939553,0.20760298143497033
2024-05-27 01:03:41,0.0002240760939423,0.009294407757006,5.0,2.0,3.0,2.0,13.0,0.035094778970305426,0.00904391058817654
2024-05-27 03:04:05,0.0002240760939423,0.009294407757006,10.0,8.0,5.0,10.0,41.0,0.15338946268550682,0.25466166630980436
2024-05-27 05:04:30,0.0002240760939423,0.009294407757006,5.0,2.0,2.0,1.0,7.0,0.026570959246042032,0.008966533138577225
2024-05-27 07:04:54,0.0002240760939423,0.009294407757006,5.0,2.0,0.0,0.0,26.0,0.020094001608508903,0.005035352568330612
2024-05-27 09:05:19,0.0002240760939423,0.009294407757006,5.0,0.0,3.0,0.0,7.0,0.008452250237943978,0.006864489005607895
2024-05-27 11:05:44,0.0002240760939423,0.009294407757006,15.0,12.0,9.0,7.0,61.0,0.009873959564634632,0.5916768711248859
2024-05-27 13:06:08,0.0002240760939423,0.009294407757006,15.0,2.0,4.0,5.0,45.0,0.001903749818157479,0.49205477599911757
2024-05-27 15:06:33,0.0002240760939423,0.009294407757006,5.0,6.0,2.0,5.0,19.0,0.048122933256350746,0.010464642969758738
2024-05-27 17:06:57,0.0002240760939423,0.009294407757006,15.0,11.0,8.0,7.0,56.0,0.02360121507484402,0.568196993520224
2024-05-27 19:07:25,0.0002207828227662,0.009294407757006,15.0,6.0,5.0,5.0,64.0,0.03657721529274496,0.539411029784167
2024-05-27 21:07:49,0.0002207828227662,0.0099865650710368,5.0,1.0,3.0,0.0,6.0,0.00014626629111375586,0.004345954967519066
2024-05-27 23:08:14,0.0002207828227662,0.0099865650710368,15.0,4.0,5.0,0.0,16.0,0.03113953695274691,0.05635565379590414
2024-05-28 01:08:37,0.0002207828227662,0.0099865650710368,5.0,1.0,3.0,2.0,16.0,0.030897822339710144,0.008562901376499893
2024-05-28 03:09:01,0.0002207828227662,0.0099865650710368,15.0,7.0,3.0,2.0,14.0,0.03548764158729357,0.06380704693777614
2024-05-28 05:09:25,0.0002207828227662,0.0099865650710368,15.0,1.0,4.0,3.0,23.0,0.07834638473515981,0.19500447396265924
2024-05-28 07:09:49,0.0002207828227662,0.0099865650710368,10.0,4.0,4.0,5.0,21.0,0.06296197091036253,0.09141089282130824
2024-05-28 09:10:13,0.0002201916006497,0.0099865650710368,10.0,0.0,3.0,5.0,27.0,0.09309693575384746,0.12987394499354252
2024-05-28 11:10:37,0.0002198156966548,0.0098470328390016,10.0,4.0,8.0,4.0,51.0,0.11791027827382508,0.2247632855185252
2024-05-28 13:11:04,0.0002198156966548,0.0098470328390016,15.0,2.0,6.0,3.0,20.0,0.07953612130511822,0.1239697383846406
